/*
 Navicat Premium Data Transfer

 Source Server         : my server
 Source Server Type    : MySQL
 Source Server Version : 80025
 Source Host           : 114.55.56.132:3306
 Source Schema         : doubao

 Target Server Type    : MySQL
 Target Server Version : 80025
 File Encoding         : 65001

 Date: 16/06/2021 17:19:05
*/

SET NAMES utf8mb4;
SET FOREIGN_KEY_CHECKS = 0;

-- ----------------------------
-- Table structure for activity
-- ----------------------------
DROP TABLE IF EXISTS `activity`;
CREATE TABLE `activity`  (
  `id` int NOT NULL AUTO_INCREMENT COMMENT 'id',
  `title` varchar(255) CHARACTER SET utf8mb4 COLLATE utf8mb4_0900_ai_ci NULL DEFAULT NULL COMMENT '活动标题',
  `name` varchar(255) CHARACTER SET utf8mb4 COLLATE utf8mb4_0900_ai_ci NULL DEFAULT NULL COMMENT '活动名称',
  `pic` varchar(255) CHARACTER SET utf8mb4 COLLATE utf8mb4_0900_ai_ci NULL DEFAULT NULL COMMENT '活动封面图',
  `start_time` datetime(6) NULL DEFAULT NULL COMMENT '开始时间',
  `create_time` datetime(6) NULL DEFAULT NULL COMMENT '创建时间',
  `modify_time` datetime(6) NULL DEFAULT NULL COMMENT '修改时间',
  `end_time` datetime(6) NULL DEFAULT NULL COMMENT '结束时间',
  `create_user` varchar(255) CHARACTER SET utf8mb4 COLLATE utf8mb4_0900_ai_ci NULL DEFAULT NULL COMMENT '创建人',
  `stock` int NULL DEFAULT NULL COMMENT '人数',
  `is_del` int NOT NULL DEFAULT 0 COMMENT '‘0’数据有效，‘1’已删除',
  PRIMARY KEY (`id`) USING BTREE
) ENGINE = InnoDB AUTO_INCREMENT = 6 CHARACTER SET = utf8mb4 COLLATE = utf8mb4_0900_ai_ci ROW_FORMAT = DYNAMIC;

-- ----------------------------
-- Records of activity
-- ----------------------------
INSERT INTO `activity` VALUES (1, '很好活动', '活动1', '/image/series/2021-05-20/88b43c1c24e748209e04a9444df97186.jpeg', '2021-04-15 15:55:51.000000', '2021-04-01 15:55:57.000000', '2021-04-15 15:56:02.000000', '2021-05-11 15:56:05.000000', '1349290158897311745', 18, 0);
INSERT INTO `activity` VALUES (2, '感冒药活动', '感冒药活动', '/image/series/2021-05-20/71684e481cee4012b4d6024ddda2aff6.jpeg', '2021-04-22 16:14:29.000000', '2021-04-27 16:14:35.000000', '2021-04-14 16:14:40.000000', '2021-05-20 16:14:44.000000', '1349290158897311745', 1159, 0);
INSERT INTO `activity` VALUES (3, '感冒药活动第二期', '感冒药活动第二期', '/image/series/2021-05-20/lgog2.png', '2021-04-22 16:14:29.000000', '2021-04-27 16:14:35.000000', '2021-04-14 16:14:40.000000', '2021-05-27 16:14:44.000000', '1349290158897311745', 17, 0);
INSERT INTO `activity` VALUES (4, '破伤风药品会', '破伤风药品促销会', '/image/series/2021-05-21/图片4.png', '2021-05-05 00:00:00.000000', '2021-05-21 10:21:54.346000', NULL, '2021-05-31 00:00:00.000000', '1349290158897311745', 111, 0);
INSERT INTO `activity` VALUES (5, '检查', '检查', '/image/series/2021-05-26/favicon.png', '2021-04-27 00:00:00.000000', '2021-05-26 11:37:44.687000', NULL, '2021-06-11 00:00:00.000000', '1349290158897311745', 7, 0);

-- ----------------------------
-- Table structure for activity_user
-- ----------------------------
DROP TABLE IF EXISTS `activity_user`;
CREATE TABLE `activity_user`  (
  `id` int NOT NULL AUTO_INCREMENT COMMENT 'id',
  `user_id` varchar(255) CHARACTER SET utf8mb4 COLLATE utf8mb4_0900_ai_ci NULL DEFAULT NULL COMMENT '用户id',
  `activity_id` int NULL DEFAULT NULL COMMENT '活动id',
  `activity_channel` varchar(255) CHARACTER SET utf8mb4 COLLATE utf8mb4_0900_ai_ci NULL DEFAULT NULL COMMENT '渠道',
  `create_time` date NULL DEFAULT NULL COMMENT '创建时间',
  `is_del` int NOT NULL DEFAULT 0 COMMENT '‘0’数据有效，‘1’已删除',
  PRIMARY KEY (`id`) USING BTREE
) ENGINE = InnoDB AUTO_INCREMENT = 32 CHARACTER SET = utf8mb4 COLLATE = utf8mb4_0900_ai_ci ROW_FORMAT = DYNAMIC;

-- ----------------------------
-- Records of activity_user
-- ----------------------------
INSERT INTO `activity_user` VALUES (2, '1349618748226658305', 1, '0', '2021-04-25', 0);
INSERT INTO `activity_user` VALUES (3, '1376152073940574209', 1, '0', '2021-04-25', 0);
INSERT INTO `activity_user` VALUES (4, '1376153606346301441', 1, '0', '2021-04-25', 0);
INSERT INTO `activity_user` VALUES (5, '1376544180907843585', 1, '0', '2021-04-25', 0);
INSERT INTO `activity_user` VALUES (6, '1376875674339721218', 1, '0', '2021-04-25', 0);
INSERT INTO `activity_user` VALUES (7, '1376153606346301441', 1, '0', '2021-04-25', 0);
INSERT INTO `activity_user` VALUES (9, '1349618748226658305', 1, '0', '2021-04-25', 0);
INSERT INTO `activity_user` VALUES (10, '1376152073940574209', 1, '0', '2021-04-25', 0);
INSERT INTO `activity_user` VALUES (11, '1380897684120219650', 2, '0', '2021-04-25', 0);
INSERT INTO `activity_user` VALUES (12, '1380902443216551937', 2, '0', '2021-04-25', 0);
INSERT INTO `activity_user` VALUES (16, '1376875674339721218', 2, '0', '2021-04-28', 0);
INSERT INTO `activity_user` VALUES (18, '1349290158897311745', 1, '0', '2021-05-11', 0);
INSERT INTO `activity_user` VALUES (25, '1349290158897311745', 2, '0', '2021-05-14', 0);
INSERT INTO `activity_user` VALUES (26, '1349290158897311745', 2, '0', '2021-05-14', 0);
INSERT INTO `activity_user` VALUES (28, '1397163373959307265', 3, '0', '2021-05-25', 0);
INSERT INTO `activity_user` VALUES (29, '1349290158897311745', 5, '0', '2021-05-26', 0);
INSERT INTO `activity_user` VALUES (30, '1397906311634558978', 5, '0', '2021-05-27', 0);
INSERT INTO `activity_user` VALUES (31, '1400776833187782657', 5, '0', '2021-06-04', 0);

-- ----------------------------
-- Table structure for behavior
-- ----------------------------
DROP TABLE IF EXISTS `behavior`;
CREATE TABLE `behavior`  (
  `user_id` varchar(255) CHARACTER SET utf8mb4 COLLATE utf8mb4_0900_ai_ci NULL DEFAULT NULL COMMENT '用户id',
  `post_id` varchar(255) CHARACTER SET utf8mb4 COLLATE utf8mb4_0900_ai_ci NULL DEFAULT NULL COMMENT '帖子id',
  `create_time` varchar(255) CHARACTER SET utf8mb4 COLLATE utf8mb4_0900_ai_ci NULL DEFAULT NULL COMMENT '创建时间',
  `behavior_type` double NULL DEFAULT NULL COMMENT '操作权重',
  `count` int NULL DEFAULT NULL COMMENT '操作次数'
) ENGINE = InnoDB CHARACTER SET = utf8mb4 COLLATE = utf8mb4_0900_ai_ci ROW_FORMAT = DYNAMIC;

-- ----------------------------
-- Records of behavior
-- ----------------------------
INSERT INTO `behavior` VALUES ('1349290158897311745', '1386969440402714625', '2021-05-26 15:48:00.241', 1, 1);
INSERT INTO `behavior` VALUES ('1349618748226658305', '1386969440402714625', '2021-04-27 17:04:18.011', 1, 1);
INSERT INTO `behavior` VALUES ('1376152073940574209', '1386969440402714625', '2021-04-27 17:04:18.06', 1, 1);
INSERT INTO `behavior` VALUES ('1376153606346301441', '1386969440402714625', '2021-04-27 20:30:00.067', 1, 1);
INSERT INTO `behavior` VALUES ('1376544180907843585', '1386969440402714625', '2021-04-27 17:04:18.065', 1, 1);
INSERT INTO `behavior` VALUES ('1376875674339721218', '1386969440402714625', '2021-04-27 17:36:15.731', 1, 1);
INSERT INTO `behavior` VALUES ('1380897684120219650', '1386969440402714625', '2021-04-27 17:04:18.069', 1, 1);
INSERT INTO `behavior` VALUES ('1380902443216551937', '1386969440402714625', '2021-04-27 17:04:18.07', 1, 1);
INSERT INTO `behavior` VALUES ('1381150125138960385', '1386969440402714625', '2021-04-27 17:04:18.072', 1, 1);
INSERT INTO `behavior` VALUES ('1381155797993840642', '1386969440402714625', '2021-04-27 17:04:18.074', 1, 1);
INSERT INTO `behavior` VALUES ('1349290158897311745', '1386975229607546881', '2021-05-10 14:11:42.787', 1, 1);
INSERT INTO `behavior` VALUES ('1349618748226658305', '1386975229607546881', '2021-04-27 17:27:18.184', 1, 1);
INSERT INTO `behavior` VALUES ('1376152073940574209', '1386975229607546881', '2021-04-27 17:27:18.186', 1, 1);
INSERT INTO `behavior` VALUES ('1376153606346301441', '1386975229607546881', '2021-04-27 17:27:18.188', 1, 1);
INSERT INTO `behavior` VALUES ('1376544180907843585', '1386975229607546881', '2021-04-27 17:27:18.189', 1, 1);
INSERT INTO `behavior` VALUES ('1376875674339721218', '1386975229607546881', '2021-04-28 14:40:56.411', 1, 1);
INSERT INTO `behavior` VALUES ('1380897684120219650', '1386975229607546881', '2021-04-27 17:27:18.193', 1, 1);
INSERT INTO `behavior` VALUES ('1380902443216551937', '1386975229607546881', '2021-04-27 17:27:18.195', 1, 1);
INSERT INTO `behavior` VALUES ('1381150125138960385', '1386975229607546881', '2021-04-27 17:27:18.197', 1, 1);
INSERT INTO `behavior` VALUES ('1381155797993840642', '1386975229607546881', '2021-04-27 17:27:18.199', 1, 1);
INSERT INTO `behavior` VALUES ('1349290158897311745', '1386977018327322626', '2021-04-27 20:30:37.542', 1, 1);
INSERT INTO `behavior` VALUES ('1349618748226658305', '1386977018327322626', '2021-04-27 17:34:24.753', 1, 1);
INSERT INTO `behavior` VALUES ('1376152073940574209', '1386977018327322626', '2021-04-27 18:05:17.909', 1, 1);
INSERT INTO `behavior` VALUES ('1376153606346301441', '1386977018327322626', '2021-04-27 17:40:18.238', 1, 1);
INSERT INTO `behavior` VALUES ('1376544180907843585', '1386977018327322626', '2021-04-27 17:34:24.761', 1, 1);
INSERT INTO `behavior` VALUES ('1376875674339721218', '1386977018327322626', '2021-04-27 17:36:05.944', 1, 1);
INSERT INTO `behavior` VALUES ('1380897684120219650', '1386977018327322626', '2021-04-27 17:34:24.767', 1, 1);
INSERT INTO `behavior` VALUES ('1380902443216551937', '1386977018327322626', '2021-04-27 17:34:24.772', 1, 1);
INSERT INTO `behavior` VALUES ('1381150125138960385', '1386977018327322626', '2021-04-27 17:34:24.774', 1, 1);
INSERT INTO `behavior` VALUES ('1381155797993840642', '1386977018327322626', '2021-04-27 17:34:24.777', 1, 1);
INSERT INTO `behavior` VALUES ('1349290158897311745', '1386977597078360065', '2021-04-27 17:36:42.607', 1, 1);
INSERT INTO `behavior` VALUES ('1349618748226658305', '1386977597078360065', '2021-04-27 17:36:42.608', 1, 1);
INSERT INTO `behavior` VALUES ('1376152073940574209', '1386977597078360065', '2021-04-27 18:05:15.396', 1, 1);
INSERT INTO `behavior` VALUES ('1376153606346301441', '1386977597078360065', '2021-04-27 17:39:33.948', 1, 1);
INSERT INTO `behavior` VALUES ('1376544180907843585', '1386977597078360065', '2021-04-27 17:36:42.611', 1, 1);
INSERT INTO `behavior` VALUES ('1376875674339721218', '1386977597078360065', '2021-04-27 17:36:48.514', 1, 1);
INSERT INTO `behavior` VALUES ('1380897684120219650', '1386977597078360065', '2021-04-27 17:36:42.613', 1, 1);
INSERT INTO `behavior` VALUES ('1380902443216551937', '1386977597078360065', '2021-04-27 17:36:42.615', 1, 1);
INSERT INTO `behavior` VALUES ('1381150125138960385', '1386977597078360065', '2021-04-27 17:36:42.616', 1, 1);
INSERT INTO `behavior` VALUES ('1381155797993840642', '1386977597078360065', '2021-04-27 17:36:42.617', 1, 1);
INSERT INTO `behavior` VALUES ('1349290158897311745', '1386978221413093378', '2021-04-27 20:30:22.001', 1, 1);
INSERT INTO `behavior` VALUES ('1349618748226658305', '1386978221413093378', '2021-04-27 17:39:11.458', 1, 1);
INSERT INTO `behavior` VALUES ('1376152073940574209', '1386978221413093378', '2021-04-27 18:05:12.851', 1, 1);
INSERT INTO `behavior` VALUES ('1376153606346301441', '1386978221413093378', '2021-04-27 20:55:49.796', 1, 1);
INSERT INTO `behavior` VALUES ('1376544180907843585', '1386978221413093378', '2021-04-27 17:39:11.462', 1, 1);
INSERT INTO `behavior` VALUES ('1376875674339721218', '1386978221413093378', '2021-04-28 14:30:30.984', 1, 1);
INSERT INTO `behavior` VALUES ('1380897684120219650', '1386978221413093378', '2021-04-27 17:39:11.465', 1, 1);
INSERT INTO `behavior` VALUES ('1380902443216551937', '1386978221413093378', '2021-04-27 17:39:11.467', 1, 1);
INSERT INTO `behavior` VALUES ('1381150125138960385', '1386978221413093378', '2021-04-27 17:39:11.469', 1, 1);
INSERT INTO `behavior` VALUES ('1381155797993840642', '1386978221413093378', '2021-04-27 17:39:11.47', 1, 1);
INSERT INTO `behavior` VALUES ('1349290158897311745', '1386978934839037954', '2021-05-07 14:20:28.941', 1, 1);
INSERT INTO `behavior` VALUES ('1349618748226658305', '1386978934839037954', '2021-04-27 17:42:01.562', 1, 1);
INSERT INTO `behavior` VALUES ('1376152073940574209', '1386978934839037954', '2021-04-27 18:05:10.327', 1, 1);
INSERT INTO `behavior` VALUES ('1376153606346301441', '1386978934839037954', '2021-04-27 20:29:14.185', 1, 1);
INSERT INTO `behavior` VALUES ('1376544180907843585', '1386978934839037954', '2021-04-27 17:42:01.566', 1, 1);
INSERT INTO `behavior` VALUES ('1376875674339721218', '1386978934839037954', '2021-04-28 14:29:57.369', 1, 1);
INSERT INTO `behavior` VALUES ('1380897684120219650', '1386978934839037954', '2021-04-27 17:42:01.569', 1, 1);
INSERT INTO `behavior` VALUES ('1380902443216551937', '1386978934839037954', '2021-04-27 17:42:01.571', 1, 1);
INSERT INTO `behavior` VALUES ('1381150125138960385', '1386978934839037954', '2021-04-27 17:42:01.572', 1, 1);
INSERT INTO `behavior` VALUES ('1381155797993840642', '1386978934839037954', '2021-04-27 17:42:01.573', 1, 1);
INSERT INTO `behavior` VALUES ('1349290158897311745', '1387021140945784834', '2021-04-28 14:25:39.258', 1, 1);
INSERT INTO `behavior` VALUES ('1349618748226658305', '1387021140945784834', '2021-04-27 20:58:19.792', 1, 1);
INSERT INTO `behavior` VALUES ('1376152073940574209', '1387021140945784834', '2021-04-27 20:29:44.384', 1, 1);
INSERT INTO `behavior` VALUES ('1376153606346301441', '1387021140945784834', '2021-04-27 20:29:47.793', 1, 1);
INSERT INTO `behavior` VALUES ('1376544180907843585', '1387021140945784834', '2021-04-27 20:29:44.387', 1, 1);
INSERT INTO `behavior` VALUES ('1376875674339721218', '1387021140945784834', '2021-04-27 20:59:10.038', 1, 1);
INSERT INTO `behavior` VALUES ('1380897684120219650', '1387021140945784834', '2021-04-27 20:29:44.405', 1, 1);
INSERT INTO `behavior` VALUES ('1380902443216551937', '1387021140945784834', '2021-04-27 20:29:44.407', 1, 1);
INSERT INTO `behavior` VALUES ('1381150125138960385', '1387021140945784834', '2021-04-27 20:29:44.408', 1, 1);
INSERT INTO `behavior` VALUES ('1381155797993840642', '1387021140945784834', '2021-04-27 20:29:44.41', 1, 1);
INSERT INTO `behavior` VALUES ('1349290158897311745', '1387217248917528578', '2021-05-26 11:38:36.657', 1, 1);
INSERT INTO `behavior` VALUES ('1349618748226658305', '1387217248917528578', '2021-04-28 09:29:00.1', 1, 1);
INSERT INTO `behavior` VALUES ('1376152073940574209', '1387217248917528578', '2021-04-28 09:29:00.101', 1, 1);
INSERT INTO `behavior` VALUES ('1376153606346301441', '1387217248917528578', '2021-04-28 09:29:00.103', 1, 1);
INSERT INTO `behavior` VALUES ('1376544180907843585', '1387217248917528578', '2021-04-28 09:29:00.104', 1, 1);
INSERT INTO `behavior` VALUES ('1376875674339721218', '1387217248917528578', '2021-04-28 20:47:32.115', 1, 1);
INSERT INTO `behavior` VALUES ('1380897684120219650', '1387217248917528578', '2021-04-28 09:29:00.107', 1, 1);
INSERT INTO `behavior` VALUES ('1380902443216551937', '1387217248917528578', '2021-04-28 09:29:00.109', 1, 1);
INSERT INTO `behavior` VALUES ('1381150125138960385', '1387217248917528578', '2021-04-28 09:29:00.11', 1, 1);
INSERT INTO `behavior` VALUES ('1381155797993840642', '1387217248917528578', '2021-04-28 09:29:00.112', 1, 1);
INSERT INTO `behavior` VALUES ('1349290158897311745', '1387997613756219393', '2021-05-26 11:38:36.54', 1, 1);
INSERT INTO `behavior` VALUES ('1349618748226658305', '1387997613756219393', '2021-04-30 13:09:53.811', 1, 1);
INSERT INTO `behavior` VALUES ('1376152073940574209', '1387997613756219393', '2021-04-30 13:09:53.813', 1, 1);
INSERT INTO `behavior` VALUES ('1376153606346301441', '1387997613756219393', '2021-04-30 13:09:53.814', 1, 1);
INSERT INTO `behavior` VALUES ('1376544180907843585', '1387997613756219393', '2021-04-30 13:09:53.816', 1, 1);
INSERT INTO `behavior` VALUES ('1376875674339721218', '1387997613756219393', '2021-05-06 09:34:00.027', 1, 1);
INSERT INTO `behavior` VALUES ('1380897684120219650', '1387997613756219393', '2021-04-30 13:09:53.89', 1, 1);
INSERT INTO `behavior` VALUES ('1380902443216551937', '1387997613756219393', '2021-04-30 13:09:53.892', 1, 1);
INSERT INTO `behavior` VALUES ('1381150125138960385', '1387997613756219393', '2021-04-30 13:09:53.893', 1, 1);
INSERT INTO `behavior` VALUES ('1381155797993840642', '1387997613756219393', '2021-04-30 13:09:53.895', 1, 1);
INSERT INTO `behavior` VALUES ('1349290158897311745', '1388051736434225153', '2021-04-30 16:51:07.771', 1, 1);
INSERT INTO `behavior` VALUES ('1349618748226658305', '1388051736434225153', '2021-04-30 16:44:58.043', 1, 1);
INSERT INTO `behavior` VALUES ('1376152073940574209', '1388051736434225153', '2021-04-30 16:44:58.072', 1, 1);
INSERT INTO `behavior` VALUES ('1376153606346301441', '1388051736434225153', '2021-04-30 16:44:58.078', 1, 1);
INSERT INTO `behavior` VALUES ('1376544180907843585', '1388051736434225153', '2021-04-30 16:44:58.08', 1, 1);
INSERT INTO `behavior` VALUES ('1376875674339721218', '1388051736434225153', '2021-04-30 16:44:58.082', 1, 1);
INSERT INTO `behavior` VALUES ('1380897684120219650', '1388051736434225153', '2021-04-30 16:44:58.084', 1, 1);
INSERT INTO `behavior` VALUES ('1380902443216551937', '1388051736434225153', '2021-04-30 16:44:58.087', 1, 1);
INSERT INTO `behavior` VALUES ('1381150125138960385', '1388051736434225153', '2021-04-30 16:44:58.089', 1, 1);
INSERT INTO `behavior` VALUES ('1381155797993840642', '1388051736434225153', '2021-04-30 16:44:58.09', 1, 1);
INSERT INTO `behavior` VALUES ('1349290158897311745', '1388056638329892865', '2021-05-26 11:47:37.674', 1, 1);
INSERT INTO `behavior` VALUES ('1349618748226658305', '1388056638329892865', '2021-04-30 17:04:26.182', 1, 1);
INSERT INTO `behavior` VALUES ('1376152073940574209', '1388056638329892865', '2021-04-30 17:04:26.185', 1, 1);
INSERT INTO `behavior` VALUES ('1376153606346301441', '1388056638329892865', '2021-04-30 17:04:26.186', 1, 1);
INSERT INTO `behavior` VALUES ('1376544180907843585', '1388056638329892865', '2021-04-30 17:04:26.187', 1, 1);
INSERT INTO `behavior` VALUES ('1376875674339721218', '1388056638329892865', '2021-04-30 17:04:26.189', 1, 1);
INSERT INTO `behavior` VALUES ('1380897684120219650', '1388056638329892865', '2021-04-30 17:04:26.19', 1, 1);
INSERT INTO `behavior` VALUES ('1380902443216551937', '1388056638329892865', '2021-04-30 17:04:26.191', 1, 1);
INSERT INTO `behavior` VALUES ('1381150125138960385', '1388056638329892865', '2021-04-30 17:04:26.192', 1, 1);
INSERT INTO `behavior` VALUES ('1381155797993840642', '1388056638329892865', '2021-04-30 17:04:26.193', 1, 1);
INSERT INTO `behavior` VALUES ('1349290158897311745', '1388056795779870722', '2021-05-26 11:38:37.151', 1, 1);
INSERT INTO `behavior` VALUES ('1349618748226658305', '1388056795779870722', '2021-04-30 17:05:03.661', 1, 1);
INSERT INTO `behavior` VALUES ('1376152073940574209', '1388056795779870722', '2021-04-30 17:05:03.662', 1, 1);
INSERT INTO `behavior` VALUES ('1376153606346301441', '1388056795779870722', '2021-04-30 17:05:03.663', 1, 1);
INSERT INTO `behavior` VALUES ('1376544180907843585', '1388056795779870722', '2021-04-30 17:05:03.665', 1, 1);
INSERT INTO `behavior` VALUES ('1376875674339721218', '1388056795779870722', '2021-04-30 17:05:03.666', 1, 1);
INSERT INTO `behavior` VALUES ('1380897684120219650', '1388056795779870722', '2021-04-30 17:05:03.667', 1, 1);
INSERT INTO `behavior` VALUES ('1380902443216551937', '1388056795779870722', '2021-04-30 17:05:03.669', 1, 1);
INSERT INTO `behavior` VALUES ('1381150125138960385', '1388056795779870722', '2021-04-30 17:05:03.67', 1, 1);
INSERT INTO `behavior` VALUES ('1381155797993840642', '1388056795779870722', '2021-04-30 17:05:03.671', 1, 1);
INSERT INTO `behavior` VALUES ('1349290158897311745', '1388095703674662913', '2021-05-10 13:04:16.756', 1, 1);
INSERT INTO `behavior` VALUES ('1349618748226658305', '1388095703674662913', '2021-04-30 19:39:40.143', 1, 1);
INSERT INTO `behavior` VALUES ('1376152073940574209', '1388095703674662913', '2021-04-30 19:39:40.145', 1, 1);
INSERT INTO `behavior` VALUES ('1376153606346301441', '1388095703674662913', '2021-04-30 19:39:40.146', 1, 1);
INSERT INTO `behavior` VALUES ('1376544180907843585', '1388095703674662913', '2021-04-30 19:39:40.148', 1, 1);
INSERT INTO `behavior` VALUES ('1376875674339721218', '1388095703674662913', '2021-05-06 09:34:08.681', 1, 1);
INSERT INTO `behavior` VALUES ('1380897684120219650', '1388095703674662913', '2021-04-30 19:39:40.152', 1, 1);
INSERT INTO `behavior` VALUES ('1380902443216551937', '1388095703674662913', '2021-04-30 19:39:40.153', 1, 1);
INSERT INTO `behavior` VALUES ('1381150125138960385', '1388095703674662913', '2021-04-30 19:39:40.155', 1, 1);
INSERT INTO `behavior` VALUES ('1381155797993840642', '1388095703674662913', '2021-04-30 19:39:40.157', 1, 1);
INSERT INTO `behavior` VALUES ('1349290158897311745', '1390276581733593089', '2021-05-26 11:38:37.105', 1, 1);
INSERT INTO `behavior` VALUES ('1349618748226658305', '1390276581733593089', '2021-05-06 20:05:41.996', 1, 1);
INSERT INTO `behavior` VALUES ('1376152073940574209', '1390276581733593089', '2021-05-06 20:05:42.013', 1, 1);
INSERT INTO `behavior` VALUES ('1376153606346301441', '1390276581733593089', '2021-05-06 20:05:42.021', 1, 1);
INSERT INTO `behavior` VALUES ('1376544180907843585', '1390276581733593089', '2021-05-06 20:05:42.024', 1, 1);
INSERT INTO `behavior` VALUES ('1376875674339721218', '1390276581733593089', '2021-05-07 13:46:38.362', 1, 1);
INSERT INTO `behavior` VALUES ('1380897684120219650', '1390276581733593089', '2021-05-06 20:05:42.03', 1, 1);
INSERT INTO `behavior` VALUES ('1380902443216551937', '1390276581733593089', '2021-05-06 20:05:42.033', 1, 1);
INSERT INTO `behavior` VALUES ('1381150125138960385', '1390276581733593089', '2021-05-06 20:05:42.036', 1, 1);
INSERT INTO `behavior` VALUES ('1381155797993840642', '1390276581733593089', '2021-05-06 20:05:42.038', 1, 1);
INSERT INTO `behavior` VALUES ('1349290158897311745', '1390278448526028802', '2021-05-10 13:23:06.298', 1, 1);
INSERT INTO `behavior` VALUES ('1349618748226658305', '1390278448526028802', '2021-05-06 20:13:06.934', 1, 1);
INSERT INTO `behavior` VALUES ('1376152073940574209', '1390278448526028802', '2021-05-06 20:13:06.936', 1, 1);
INSERT INTO `behavior` VALUES ('1376153606346301441', '1390278448526028802', '2021-05-06 20:13:06.938', 1, 1);
INSERT INTO `behavior` VALUES ('1376544180907843585', '1390278448526028802', '2021-05-06 20:13:06.94', 1, 1);
INSERT INTO `behavior` VALUES ('1376875674339721218', '1390278448526028802', '2021-05-07 13:25:50.595', 1, 1);
INSERT INTO `behavior` VALUES ('1380897684120219650', '1390278448526028802', '2021-05-06 20:13:06.943', 1, 1);
INSERT INTO `behavior` VALUES ('1380902443216551937', '1390278448526028802', '2021-05-06 20:13:06.944', 1, 1);
INSERT INTO `behavior` VALUES ('1381150125138960385', '1390278448526028802', '2021-05-06 20:13:06.946', 1, 1);
INSERT INTO `behavior` VALUES ('1381155797993840642', '1390278448526028802', '2021-05-06 20:13:06.948', 1, 1);
INSERT INTO `behavior` VALUES ('1349290158897311745', '1390278661395345410', '2021-05-26 11:38:37.055', 1, 1);
INSERT INTO `behavior` VALUES ('1349618748226658305', '1390278661395345410', '2021-05-06 20:13:57.668', 1, 1);
INSERT INTO `behavior` VALUES ('1376152073940574209', '1390278661395345410', '2021-05-12 18:54:53.374', 1, 1);
INSERT INTO `behavior` VALUES ('1376153606346301441', '1390278661395345410', '2021-05-06 20:13:57.67', 1, 1);
INSERT INTO `behavior` VALUES ('1376544180907843585', '1390278661395345410', '2021-05-06 20:13:57.672', 1, 1);
INSERT INTO `behavior` VALUES ('1376875674339721218', '1390278661395345410', '2021-05-07 13:57:29.096', 1, 1);
INSERT INTO `behavior` VALUES ('1380897684120219650', '1390278661395345410', '2021-05-06 20:13:57.674', 1, 1);
INSERT INTO `behavior` VALUES ('1380902443216551937', '1390278661395345410', '2021-05-06 20:13:57.676', 1, 1);
INSERT INTO `behavior` VALUES ('1381150125138960385', '1390278661395345410', '2021-05-06 20:13:57.677', 1, 1);
INSERT INTO `behavior` VALUES ('1381155797993840642', '1390278661395345410', '2021-05-06 20:13:57.678', 1, 1);
INSERT INTO `behavior` VALUES ('1349290158897311745', '1391636590337978369', '2021-05-12 18:57:19.85', 1, 1);
INSERT INTO `behavior` VALUES ('1349618748226658305', '1391636590337978369', '2021-05-10 14:09:53.899', 1, 1);
INSERT INTO `behavior` VALUES ('1376152073940574209', '1391636590337978369', '2021-05-10 14:09:53.905', 1, 1);
INSERT INTO `behavior` VALUES ('1376153606346301441', '1391636590337978369', '2021-05-10 14:09:53.911', 1, 1);
INSERT INTO `behavior` VALUES ('1376544180907843585', '1391636590337978369', '2021-05-10 14:09:53.917', 1, 1);
INSERT INTO `behavior` VALUES ('1376875674339721218', '1391636590337978369', '2021-05-10 14:09:53.923', 1, 1);
INSERT INTO `behavior` VALUES ('1380897684120219650', '1391636590337978369', '2021-05-10 14:09:53.929', 1, 1);
INSERT INTO `behavior` VALUES ('1380902443216551937', '1391636590337978369', '2021-05-10 14:09:53.935', 1, 1);
INSERT INTO `behavior` VALUES ('1381150125138960385', '1391636590337978369', '2021-05-10 14:09:53.947', 1, 1);
INSERT INTO `behavior` VALUES ('1381155797993840642', '1391636590337978369', '2021-05-10 14:09:53.953', 1, 1);
INSERT INTO `behavior` VALUES ('1349290158897311745', '1391637191973138433', '2021-05-16 20:02:40.657', 1, 1);
INSERT INTO `behavior` VALUES ('1349618748226658305', '1391637191973138433', '2021-05-10 14:12:16.768', 1, 1);
INSERT INTO `behavior` VALUES ('1376152073940574209', '1391637191973138433', '2021-05-12 11:03:15.045', 1, 1);
INSERT INTO `behavior` VALUES ('1376153606346301441', '1391637191973138433', '2021-05-10 14:12:16.773', 1, 1);
INSERT INTO `behavior` VALUES ('1376544180907843585', '1391637191973138433', '2021-05-10 14:12:16.775', 1, 1);
INSERT INTO `behavior` VALUES ('1376875674339721218', '1391637191973138433', '2021-05-12 17:54:23.002', 1, 1);
INSERT INTO `behavior` VALUES ('1380897684120219650', '1391637191973138433', '2021-05-10 14:12:16.779', 1, 1);
INSERT INTO `behavior` VALUES ('1380902443216551937', '1391637191973138433', '2021-05-10 14:12:16.782', 1, 1);
INSERT INTO `behavior` VALUES ('1381150125138960385', '1391637191973138433', '2021-05-10 14:12:16.784', 1, 1);
INSERT INTO `behavior` VALUES ('1381155797993840642', '1391637191973138433', '2021-05-10 14:12:16.787', 1, 1);
INSERT INTO `behavior` VALUES ('1349290158897311745', '1392446858211041281', '2021-05-26 09:22:41.179', 1, 1);
INSERT INTO `behavior` VALUES ('1349618748226658305', '1392446858211041281', '2021-05-12 19:49:36.106', 1, 1);
INSERT INTO `behavior` VALUES ('1376152073940574209', '1392446858211041281', '2021-05-12 19:49:36.108', 1, 1);
INSERT INTO `behavior` VALUES ('1376153606346301441', '1392446858211041281', '2021-05-12 19:49:36.109', 1, 1);
INSERT INTO `behavior` VALUES ('1376544180907843585', '1392446858211041281', '2021-05-12 19:49:36.11', 1, 1);
INSERT INTO `behavior` VALUES ('1376875674339721218', '1392446858211041281', '2021-05-13 15:56:00.507', 1, 1);
INSERT INTO `behavior` VALUES ('1380897684120219650', '1392446858211041281', '2021-05-12 19:49:36.112', 1, 1);
INSERT INTO `behavior` VALUES ('1380902443216551937', '1392446858211041281', '2021-05-12 19:49:36.114', 1, 1);
INSERT INTO `behavior` VALUES ('1381150125138960385', '1392446858211041281', '2021-05-12 19:49:36.116', 1, 1);
INSERT INTO `behavior` VALUES ('1381155797993840642', '1392446858211041281', '2021-05-12 19:49:36.118', 1, 1);
INSERT INTO `behavior` VALUES ('1349290158897311745', '1393882392355659778', '2021-05-16 20:10:13.87', 1, 1);
INSERT INTO `behavior` VALUES ('1349618748226658305', '1393882392355659778', '2021-05-16 18:53:54.369', 1, 1);
INSERT INTO `behavior` VALUES ('1376152073940574209', '1393882392355659778', '2021-05-16 18:53:54.431', 1, 1);
INSERT INTO `behavior` VALUES ('1376153606346301441', '1393882392355659778', '2021-05-16 18:53:54.436', 1, 1);
INSERT INTO `behavior` VALUES ('1376544180907843585', '1393882392355659778', '2021-05-16 18:53:54.443', 1, 1);
INSERT INTO `behavior` VALUES ('1376875674339721218', '1393882392355659778', '2021-05-16 18:53:54.446', 1, 1);
INSERT INTO `behavior` VALUES ('1380897684120219650', '1393882392355659778', '2021-05-16 18:53:54.449', 1, 1);
INSERT INTO `behavior` VALUES ('1380902443216551937', '1393882392355659778', '2021-05-16 18:53:54.452', 1, 1);
INSERT INTO `behavior` VALUES ('1381150125138960385', '1393882392355659778', '2021-05-16 18:53:54.458', 1, 1);
INSERT INTO `behavior` VALUES ('1381155797993840642', '1393882392355659778', '2021-05-16 18:53:54.462', 1, 1);
INSERT INTO `behavior` VALUES ('1349290158897311745', '1393882416485490690', '2021-05-26 11:10:48.708', 1, 1);
INSERT INTO `behavior` VALUES ('1349618748226658305', '1393882416485490690', '2021-05-16 18:53:59.966', 1, 1);
INSERT INTO `behavior` VALUES ('1376152073940574209', '1393882416485490690', '2021-05-16 18:53:59.967', 1, 1);
INSERT INTO `behavior` VALUES ('1376153606346301441', '1393882416485490690', '2021-05-16 18:53:59.969', 1, 1);
INSERT INTO `behavior` VALUES ('1376544180907843585', '1393882416485490690', '2021-05-16 18:53:59.971', 1, 1);
INSERT INTO `behavior` VALUES ('1376875674339721218', '1393882416485490690', '2021-05-16 18:53:59.972', 1, 1);
INSERT INTO `behavior` VALUES ('1380897684120219650', '1393882416485490690', '2021-05-16 18:53:59.974', 1, 1);
INSERT INTO `behavior` VALUES ('1380902443216551937', '1393882416485490690', '2021-05-16 18:53:59.975', 1, 1);
INSERT INTO `behavior` VALUES ('1381150125138960385', '1393882416485490690', '2021-05-16 18:53:59.976', 1, 1);
INSERT INTO `behavior` VALUES ('1381155797993840642', '1393882416485490690', '2021-05-16 18:53:59.977', 1, 1);
INSERT INTO `behavior` VALUES ('1349290158897311745', '1393882886255927298', '2021-05-26 11:38:36.982', 1, 1);
INSERT INTO `behavior` VALUES ('1349618748226658305', '1393882886255927298', '2021-05-16 18:55:51.936', 1, 1);
INSERT INTO `behavior` VALUES ('1376152073940574209', '1393882886255927298', '2021-05-16 18:55:51.939', 1, 1);
INSERT INTO `behavior` VALUES ('1376153606346301441', '1393882886255927298', '2021-05-16 18:55:51.943', 1, 1);
INSERT INTO `behavior` VALUES ('1376544180907843585', '1393882886255927298', '2021-05-16 18:55:51.946', 1, 1);
INSERT INTO `behavior` VALUES ('1376875674339721218', '1393882886255927298', '2021-05-16 18:55:51.949', 1, 1);
INSERT INTO `behavior` VALUES ('1380897684120219650', '1393882886255927298', '2021-05-16 18:55:52.022', 1, 1);
INSERT INTO `behavior` VALUES ('1380902443216551937', '1393882886255927298', '2021-05-16 18:55:52.023', 1, 1);
INSERT INTO `behavior` VALUES ('1381150125138960385', '1393882886255927298', '2021-05-16 18:55:52.024', 1, 1);
INSERT INTO `behavior` VALUES ('1381155797993840642', '1393882886255927298', '2021-05-16 18:55:52.025', 1, 1);
INSERT INTO `behavior` VALUES ('1349290158897311745', '1393883253924421633', '2021-05-26 11:39:37.817', 1, 1);
INSERT INTO `behavior` VALUES ('1349618748226658305', '1393883253924421633', '2021-05-16 18:57:19.516', 1, 1);
INSERT INTO `behavior` VALUES ('1376152073940574209', '1393883253924421633', '2021-05-16 18:57:19.516', 1, 1);
INSERT INTO `behavior` VALUES ('1376153606346301441', '1393883253924421633', '2021-05-16 18:57:19.518', 1, 1);
INSERT INTO `behavior` VALUES ('1376544180907843585', '1393883253924421633', '2021-05-16 18:57:19.519', 1, 1);
INSERT INTO `behavior` VALUES ('1376875674339721218', '1393883253924421633', '2021-05-16 18:57:19.52', 1, 1);
INSERT INTO `behavior` VALUES ('1380897684120219650', '1393883253924421633', '2021-05-16 18:57:19.521', 1, 1);
INSERT INTO `behavior` VALUES ('1380902443216551937', '1393883253924421633', '2021-05-16 18:57:19.522', 1, 1);
INSERT INTO `behavior` VALUES ('1381150125138960385', '1393883253924421633', '2021-05-16 18:57:19.523', 1, 1);
INSERT INTO `behavior` VALUES ('1381155797993840642', '1393883253924421633', '2021-05-16 18:57:19.524', 1, 1);
INSERT INTO `behavior` VALUES ('1349290158897311745', '1393899821496524801', '2021-05-21 16:07:03.337', 1, 1);
INSERT INTO `behavior` VALUES ('1349618748226658305', '1393899821496524801', '2021-05-16 20:03:09.531', 1, 1);
INSERT INTO `behavior` VALUES ('1376152073940574209', '1393899821496524801', '2021-05-16 20:03:09.532', 1, 1);
INSERT INTO `behavior` VALUES ('1376153606346301441', '1393899821496524801', '2021-05-16 20:03:09.533', 1, 1);
INSERT INTO `behavior` VALUES ('1376544180907843585', '1393899821496524801', '2021-05-16 20:03:09.535', 1, 1);
INSERT INTO `behavior` VALUES ('1376875674339721218', '1393899821496524801', '2021-05-16 20:03:09.537', 1, 1);
INSERT INTO `behavior` VALUES ('1380897684120219650', '1393899821496524801', '2021-05-16 20:03:09.538', 1, 1);
INSERT INTO `behavior` VALUES ('1380902443216551937', '1393899821496524801', '2021-05-16 20:03:09.539', 1, 1);
INSERT INTO `behavior` VALUES ('1381150125138960385', '1393899821496524801', '2021-05-16 20:03:09.54', 1, 1);
INSERT INTO `behavior` VALUES ('1381155797993840642', '1393899821496524801', '2021-05-16 20:03:09.543', 1, 1);
INSERT INTO `behavior` VALUES ('1349290158897311745', '1397156524388122626', '2021-05-26 15:47:01.276', 1, 1);
INSERT INTO `behavior` VALUES ('1349618748226658305', '1397156524388122626', '2021-05-25 19:44:08.324', 1, 1);
INSERT INTO `behavior` VALUES ('1376152073940574209', '1397156524388122626', '2021-05-25 19:44:08.351', 1, 1);
INSERT INTO `behavior` VALUES ('1376153606346301441', '1397156524388122626', '2021-05-25 19:44:08.353', 1, 1);
INSERT INTO `behavior` VALUES ('1376544180907843585', '1397156524388122626', '2021-05-25 19:44:08.356', 1, 1);
INSERT INTO `behavior` VALUES ('1376875674339721218', '1397156524388122626', '2021-05-25 19:44:08.358', 1, 1);
INSERT INTO `behavior` VALUES ('1380897684120219650', '1397156524388122626', '2021-05-25 19:44:08.361', 1, 1);
INSERT INTO `behavior` VALUES ('1380902443216551937', '1397156524388122626', '2021-05-25 19:44:08.363', 1, 1);
INSERT INTO `behavior` VALUES ('1381150125138960385', '1397156524388122626', '2021-05-25 19:44:08.365', 1, 1);
INSERT INTO `behavior` VALUES ('1381155797993840642', '1397156524388122626', '2021-05-25 19:44:08.367', 1, 1);
INSERT INTO `behavior` VALUES ('1397163373959307265', '1386969440402714625', '2021-05-25 20:11:21.055', 1, 1);
INSERT INTO `behavior` VALUES ('1397163373959307265', '1386975229607546881', '2021-05-25 20:11:21.057', 1, 1);
INSERT INTO `behavior` VALUES ('1397163373959307265', '1386977018327322626', '2021-05-25 20:11:21.059', 1, 1);
INSERT INTO `behavior` VALUES ('1397163373959307265', '1386977597078360065', '2021-05-25 20:11:21.061', 1, 1);
INSERT INTO `behavior` VALUES ('1397163373959307265', '1386978221413093378', '2021-05-25 20:11:21.062', 1, 1);
INSERT INTO `behavior` VALUES ('1397163373959307265', '1386978934839037954', '2021-05-25 20:11:21.064', 1, 1);
INSERT INTO `behavior` VALUES ('1397163373959307265', '1387021140945784834', '2021-05-25 20:11:21.065', 1, 1);
INSERT INTO `behavior` VALUES ('1397163373959307265', '1387217248917528578', '2021-05-25 20:36:08.131', 1, 1);
INSERT INTO `behavior` VALUES ('1397163373959307265', '1387997613756219393', '2021-05-25 20:36:07.996', 1, 1);
INSERT INTO `behavior` VALUES ('1397163373959307265', '1388051736434225153', '2021-05-25 20:11:21.07', 1, 1);
INSERT INTO `behavior` VALUES ('1397163373959307265', '1388056638329892865', '2021-05-25 20:36:08.059', 1, 1);
INSERT INTO `behavior` VALUES ('1397163373959307265', '1388056795779870722', '2021-05-25 20:36:08.501', 1, 1);
INSERT INTO `behavior` VALUES ('1397163373959307265', '1388095703674662913', '2021-05-25 20:11:21.074', 1, 1);
INSERT INTO `behavior` VALUES ('1397163373959307265', '1390276581733593089', '2021-05-25 20:36:08.44', 1, 1);
INSERT INTO `behavior` VALUES ('1397163373959307265', '1390278448526028802', '2021-05-25 20:11:21.077', 1, 1);
INSERT INTO `behavior` VALUES ('1397163373959307265', '1390278661395345410', '2021-05-25 20:36:08.395', 1, 1);
INSERT INTO `behavior` VALUES ('1397163373959307265', '1391636590337978369', '2021-05-25 20:11:21.08', 1, 1);
INSERT INTO `behavior` VALUES ('1397163373959307265', '1391637191973138433', '2021-05-25 20:11:21.081', 1, 1);
INSERT INTO `behavior` VALUES ('1397163373959307265', '1392446858211041281', '2021-05-25 20:45:05.142', 1, 1);
INSERT INTO `behavior` VALUES ('1397163373959307265', '1393882392355659778', '2021-05-25 20:11:21.084', 1, 1);
INSERT INTO `behavior` VALUES ('1397163373959307265', '1393882416485490690', '2021-05-25 20:11:21.085', 1, 1);
INSERT INTO `behavior` VALUES ('1397163373959307265', '1393882886255927298', '2021-05-25 20:36:13.876', 1, 1);
INSERT INTO `behavior` VALUES ('1397163373959307265', '1393883253924421633', '2021-05-25 20:36:08.26', 1, 1);
INSERT INTO `behavior` VALUES ('1397163373959307265', '1393899821496524801', '2021-05-25 20:11:21.088', 1, 1);
INSERT INTO `behavior` VALUES ('1397163373959307265', '1397156524388122626', '2021-05-26 11:12:40.072', 1, 1);
INSERT INTO `behavior` VALUES ('1349290158897311745', '1397165882937434114', '2021-05-25 20:35:14.876', 1, 1);
INSERT INTO `behavior` VALUES ('1349618748226658305', '1397165882937434114', '2021-05-25 20:21:19.25', 1, 1);
INSERT INTO `behavior` VALUES ('1376152073940574209', '1397165882937434114', '2021-05-25 20:21:19.251', 1, 1);
INSERT INTO `behavior` VALUES ('1376153606346301441', '1397165882937434114', '2021-05-25 20:21:19.252', 1, 1);
INSERT INTO `behavior` VALUES ('1376544180907843585', '1397165882937434114', '2021-05-25 20:21:19.254', 1, 1);
INSERT INTO `behavior` VALUES ('1376875674339721218', '1397165882937434114', '2021-05-25 20:21:19.256', 1, 1);
INSERT INTO `behavior` VALUES ('1380897684120219650', '1397165882937434114', '2021-05-25 20:21:19.257', 1, 1);
INSERT INTO `behavior` VALUES ('1380902443216551937', '1397165882937434114', '2021-05-25 20:21:19.258', 1, 1);
INSERT INTO `behavior` VALUES ('1381150125138960385', '1397165882937434114', '2021-05-25 20:21:19.259', 1, 1);
INSERT INTO `behavior` VALUES ('1381155797993840642', '1397165882937434114', '2021-05-25 20:21:19.26', 1, 1);
INSERT INTO `behavior` VALUES ('1397163373959307265', '1397165882937434114', '2021-05-25 20:44:51.336', 1, 1);
INSERT INTO `behavior` VALUES ('1349290158897311745', '1397170829477273601', '2021-05-26 11:47:53.694', 1, 1);
INSERT INTO `behavior` VALUES ('1349618748226658305', '1397170829477273601', '2021-05-25 20:40:58.594', 1, 1);
INSERT INTO `behavior` VALUES ('1376152073940574209', '1397170829477273601', '2021-05-25 20:40:58.595', 1, 1);
INSERT INTO `behavior` VALUES ('1376153606346301441', '1397170829477273601', '2021-05-25 20:40:58.596', 1, 1);
INSERT INTO `behavior` VALUES ('1376544180907843585', '1397170829477273601', '2021-05-25 20:40:58.597', 1, 1);
INSERT INTO `behavior` VALUES ('1376875674339721218', '1397170829477273601', '2021-05-25 20:40:58.598', 1, 1);
INSERT INTO `behavior` VALUES ('1380897684120219650', '1397170829477273601', '2021-05-25 20:40:58.599', 1, 1);
INSERT INTO `behavior` VALUES ('1380902443216551937', '1397170829477273601', '2021-05-25 20:40:58.6', 1, 1);
INSERT INTO `behavior` VALUES ('1381150125138960385', '1397170829477273601', '2021-05-25 20:40:58.601', 1, 1);
INSERT INTO `behavior` VALUES ('1381155797993840642', '1397170829477273601', '2021-05-25 20:40:58.602', 1, 1);
INSERT INTO `behavior` VALUES ('1397163373959307265', '1397170829477273601', '2021-05-26 09:07:43.354', 1, 1);
INSERT INTO `behavior` VALUES ('1349290158897311745', '1397171543813382146', '2021-05-26 14:22:08.009', 1, 1);
INSERT INTO `behavior` VALUES ('1349618748226658305', '1397171543813382146', '2021-05-25 20:43:48.912', 1, 1);
INSERT INTO `behavior` VALUES ('1376152073940574209', '1397171543813382146', '2021-05-25 20:43:48.914', 1, 1);
INSERT INTO `behavior` VALUES ('1376153606346301441', '1397171543813382146', '2021-05-25 20:43:48.915', 1, 1);
INSERT INTO `behavior` VALUES ('1376544180907843585', '1397171543813382146', '2021-05-25 20:43:48.915', 1, 1);
INSERT INTO `behavior` VALUES ('1376875674339721218', '1397171543813382146', '2021-05-25 20:43:48.916', 1, 1);
INSERT INTO `behavior` VALUES ('1380897684120219650', '1397171543813382146', '2021-05-25 20:43:48.917', 1, 1);
INSERT INTO `behavior` VALUES ('1380902443216551937', '1397171543813382146', '2021-05-25 20:43:48.918', 1, 1);
INSERT INTO `behavior` VALUES ('1381150125138960385', '1397171543813382146', '2021-05-25 20:43:48.919', 1, 1);
INSERT INTO `behavior` VALUES ('1381155797993840642', '1397171543813382146', '2021-05-25 20:43:48.92', 1, 1);
INSERT INTO `behavior` VALUES ('1397163373959307265', '1397171543813382146', '2021-05-26 13:53:05.646', 1, 1);
INSERT INTO `behavior` VALUES ('1397395769556086786', '1386969440402714625', '2021-05-26 11:34:48.496', 1, 1);
INSERT INTO `behavior` VALUES ('1397395769556086786', '1386975229607546881', '2021-05-26 11:34:48.501', 1, 1);
INSERT INTO `behavior` VALUES ('1397395769556086786', '1386977018327322626', '2021-05-26 11:34:48.51', 1, 1);
INSERT INTO `behavior` VALUES ('1397395769556086786', '1386977597078360065', '2021-05-26 11:34:48.512', 1, 1);
INSERT INTO `behavior` VALUES ('1397395769556086786', '1386978221413093378', '2021-05-26 11:34:48.513', 1, 1);
INSERT INTO `behavior` VALUES ('1397395769556086786', '1386978934839037954', '2021-05-26 11:34:48.516', 1, 1);
INSERT INTO `behavior` VALUES ('1397395769556086786', '1387021140945784834', '2021-05-26 11:34:48.518', 1, 1);
INSERT INTO `behavior` VALUES ('1397395769556086786', '1387217248917528578', '2021-05-26 11:34:48.519', 1, 1);
INSERT INTO `behavior` VALUES ('1397395769556086786', '1387997613756219393', '2021-05-26 11:34:48.521', 1, 1);
INSERT INTO `behavior` VALUES ('1397395769556086786', '1388051736434225153', '2021-05-26 11:34:48.527', 1, 1);
INSERT INTO `behavior` VALUES ('1397395769556086786', '1388056638329892865', '2021-05-26 11:34:48.528', 1, 1);
INSERT INTO `behavior` VALUES ('1397395769556086786', '1388056795779870722', '2021-05-26 11:34:48.529', 1, 1);
INSERT INTO `behavior` VALUES ('1397395769556086786', '1388095703674662913', '2021-05-26 11:34:48.531', 1, 1);
INSERT INTO `behavior` VALUES ('1397395769556086786', '1390276581733593089', '2021-05-26 11:34:48.533', 1, 1);
INSERT INTO `behavior` VALUES ('1397395769556086786', '1390278448526028802', '2021-05-26 11:34:48.534', 1, 1);
INSERT INTO `behavior` VALUES ('1397395769556086786', '1390278661395345410', '2021-05-26 11:34:48.536', 1, 1);
INSERT INTO `behavior` VALUES ('1397395769556086786', '1391636590337978369', '2021-05-26 11:34:48.537', 1, 1);
INSERT INTO `behavior` VALUES ('1397395769556086786', '1391637191973138433', '2021-05-26 11:34:48.538', 1, 1);
INSERT INTO `behavior` VALUES ('1397395769556086786', '1392446858211041281', '2021-05-26 11:34:48.54', 1, 1);
INSERT INTO `behavior` VALUES ('1397395769556086786', '1393882392355659778', '2021-05-26 11:34:48.541', 1, 1);
INSERT INTO `behavior` VALUES ('1397395769556086786', '1393882416485490690', '2021-05-26 11:34:48.577', 1, 1);
INSERT INTO `behavior` VALUES ('1397395769556086786', '1393882886255927298', '2021-05-26 11:34:48.695', 1, 1);
INSERT INTO `behavior` VALUES ('1397395769556086786', '1393883253924421633', '2021-05-26 11:34:48.696', 1, 1);
INSERT INTO `behavior` VALUES ('1397395769556086786', '1393899821496524801', '2021-05-26 11:34:48.698', 1, 1);
INSERT INTO `behavior` VALUES ('1397395769556086786', '1397156524388122626', '2021-05-26 11:34:48.7', 1, 1);
INSERT INTO `behavior` VALUES ('1397395769556086786', '1397165882937434114', '2021-05-26 11:34:48.702', 1, 1);
INSERT INTO `behavior` VALUES ('1397395769556086786', '1397170829477273601', '2021-05-26 11:34:48.703', 1, 1);
INSERT INTO `behavior` VALUES ('1397395769556086786', '1397171543813382146', '2021-05-26 11:34:48.704', 1, 1);
INSERT INTO `behavior` VALUES ('1349290158897311745', '1397397108503752706', '2021-05-26 11:47:26.841', 1, 1);
INSERT INTO `behavior` VALUES ('1349618748226658305', '1397397108503752706', '2021-05-26 11:40:07.716', 1, 1);
INSERT INTO `behavior` VALUES ('1376152073940574209', '1397397108503752706', '2021-05-26 11:40:07.717', 1, 1);
INSERT INTO `behavior` VALUES ('1376153606346301441', '1397397108503752706', '2021-05-26 11:40:07.718', 1, 1);
INSERT INTO `behavior` VALUES ('1376544180907843585', '1397397108503752706', '2021-05-26 11:40:07.719', 1, 1);
INSERT INTO `behavior` VALUES ('1376875674339721218', '1397397108503752706', '2021-05-26 11:40:07.721', 1, 1);
INSERT INTO `behavior` VALUES ('1380897684120219650', '1397397108503752706', '2021-05-26 11:40:07.723', 1, 1);
INSERT INTO `behavior` VALUES ('1380902443216551937', '1397397108503752706', '2021-05-26 11:40:07.725', 1, 1);
INSERT INTO `behavior` VALUES ('1381150125138960385', '1397397108503752706', '2021-05-26 11:40:07.725', 1, 1);
INSERT INTO `behavior` VALUES ('1381155797993840642', '1397397108503752706', '2021-05-26 11:40:07.726', 1, 1);
INSERT INTO `behavior` VALUES ('1397163373959307265', '1397397108503752706', '2021-05-26 11:40:07.727', 1, 1);
INSERT INTO `behavior` VALUES ('1397395769556086786', '1397397108503752706', '2021-05-26 11:40:07.727', 1, 1);
INSERT INTO `behavior` VALUES ('1349290158897311745', '1397398712854392834', '2021-05-26 13:42:44.333', 1, 1);
INSERT INTO `behavior` VALUES ('1349618748226658305', '1397398712854392834', '2021-05-26 11:46:30.306', 1, 1);
INSERT INTO `behavior` VALUES ('1376152073940574209', '1397398712854392834', '2021-05-26 11:46:30.307', 1, 1);
INSERT INTO `behavior` VALUES ('1376153606346301441', '1397398712854392834', '2021-05-26 11:46:30.308', 1, 1);
INSERT INTO `behavior` VALUES ('1376544180907843585', '1397398712854392834', '2021-05-26 11:46:30.309', 1, 1);
INSERT INTO `behavior` VALUES ('1376875674339721218', '1397398712854392834', '2021-05-26 11:46:30.31', 1, 1);
INSERT INTO `behavior` VALUES ('1380897684120219650', '1397398712854392834', '2021-05-26 11:46:30.311', 1, 1);
INSERT INTO `behavior` VALUES ('1380902443216551937', '1397398712854392834', '2021-05-26 11:46:30.313', 1, 1);
INSERT INTO `behavior` VALUES ('1381150125138960385', '1397398712854392834', '2021-05-26 11:46:30.314', 1, 1);
INSERT INTO `behavior` VALUES ('1381155797993840642', '1397398712854392834', '2021-05-26 11:46:30.315', 1, 1);
INSERT INTO `behavior` VALUES ('1397163373959307265', '1397398712854392834', '2021-05-26 14:22:12.681', 1, 1);
INSERT INTO `behavior` VALUES ('1397395769556086786', '1397398712854392834', '2021-05-26 11:46:30.317', 1, 1);
INSERT INTO `behavior` VALUES ('1397458677065469954', '1386969440402714625', '2021-05-26 15:45:23.009', 1, 1);
INSERT INTO `behavior` VALUES ('1397458677065469954', '1386975229607546881', '2021-05-26 15:44:46.84', 1, 1);
INSERT INTO `behavior` VALUES ('1397458677065469954', '1386977018327322626', '2021-05-26 15:44:46.855', 1, 1);
INSERT INTO `behavior` VALUES ('1397458677065469954', '1386977597078360065', '2021-05-26 15:44:46.856', 1, 1);
INSERT INTO `behavior` VALUES ('1397458677065469954', '1386978221413093378', '2021-05-26 15:44:46.858', 1, 1);
INSERT INTO `behavior` VALUES ('1397458677065469954', '1386978934839037954', '2021-05-26 15:44:46.859', 1, 1);
INSERT INTO `behavior` VALUES ('1397458677065469954', '1387021140945784834', '2021-05-26 15:44:46.994', 1, 1);
INSERT INTO `behavior` VALUES ('1397458677065469954', '1387217248917528578', '2021-05-26 15:44:46.995', 1, 1);
INSERT INTO `behavior` VALUES ('1397458677065469954', '1387997613756219393', '2021-05-26 15:44:47.005', 1, 1);
INSERT INTO `behavior` VALUES ('1397458677065469954', '1388051736434225153', '2021-05-26 15:44:47.09', 1, 1);
INSERT INTO `behavior` VALUES ('1397458677065469954', '1388056638329892865', '2021-05-26 15:44:47.538', 1, 1);
INSERT INTO `behavior` VALUES ('1397458677065469954', '1388056795779870722', '2021-05-26 15:44:47.54', 1, 1);
INSERT INTO `behavior` VALUES ('1397458677065469954', '1388095703674662913', '2021-05-26 15:44:47.541', 1, 1);
INSERT INTO `behavior` VALUES ('1397458677065469954', '1390276581733593089', '2021-05-26 15:44:47.543', 1, 1);
INSERT INTO `behavior` VALUES ('1397458677065469954', '1390278448526028802', '2021-05-26 15:44:47.544', 1, 1);
INSERT INTO `behavior` VALUES ('1397458677065469954', '1390278661395345410', '2021-05-26 15:44:47.546', 1, 1);
INSERT INTO `behavior` VALUES ('1397458677065469954', '1391636590337978369', '2021-05-26 15:44:47.547', 1, 1);
INSERT INTO `behavior` VALUES ('1397458677065469954', '1391637191973138433', '2021-05-26 15:44:47.549', 1, 1);
INSERT INTO `behavior` VALUES ('1397458677065469954', '1392446858211041281', '2021-05-26 15:44:47.55', 1, 1);
INSERT INTO `behavior` VALUES ('1397458677065469954', '1393882392355659778', '2021-05-26 15:44:47.551', 1, 1);
INSERT INTO `behavior` VALUES ('1397458677065469954', '1393882416485490690', '2021-05-26 15:44:47.552', 1, 1);
INSERT INTO `behavior` VALUES ('1397458677065469954', '1393882886255927298', '2021-05-26 15:44:47.554', 1, 1);
INSERT INTO `behavior` VALUES ('1397458677065469954', '1393883253924421633', '2021-05-26 15:44:47.556', 1, 1);
INSERT INTO `behavior` VALUES ('1397458677065469954', '1393899821496524801', '2021-05-26 15:44:47.557', 1, 1);
INSERT INTO `behavior` VALUES ('1397458677065469954', '1397156524388122626', '2021-05-26 15:45:25.467', 1, 1);
INSERT INTO `behavior` VALUES ('1397458677065469954', '1397165882937434114', '2021-05-26 15:44:47.56', 1, 1);
INSERT INTO `behavior` VALUES ('1397458677065469954', '1397170829477273601', '2021-05-26 15:45:22.937', 1, 1);
INSERT INTO `behavior` VALUES ('1397458677065469954', '1397171543813382146', '2021-05-26 15:45:02.993', 1, 1);
INSERT INTO `behavior` VALUES ('1397458677065469954', '1397397108503752706', '2021-05-26 15:44:47.564', 1, 1);
INSERT INTO `behavior` VALUES ('1397458677065469954', '1397398712854392834', '2021-05-26 15:45:00.591', 1, 1);
INSERT INTO `behavior` VALUES ('1349290158897311745', '1397458946423672833', '2021-05-26 15:47:33.032', 1, 1);
INSERT INTO `behavior` VALUES ('1349618748226658305', '1397458946423672833', '2021-05-26 15:45:51.071', 1, 1);
INSERT INTO `behavior` VALUES ('1376152073940574209', '1397458946423672833', '2021-05-26 15:45:51.072', 1, 1);
INSERT INTO `behavior` VALUES ('1376153606346301441', '1397458946423672833', '2021-05-26 15:45:51.073', 1, 1);
INSERT INTO `behavior` VALUES ('1376544180907843585', '1397458946423672833', '2021-05-26 15:45:51.074', 1, 1);
INSERT INTO `behavior` VALUES ('1376875674339721218', '1397458946423672833', '2021-05-26 15:45:51.075', 1, 1);
INSERT INTO `behavior` VALUES ('1380897684120219650', '1397458946423672833', '2021-05-26 15:45:51.076', 1, 1);
INSERT INTO `behavior` VALUES ('1380902443216551937', '1397458946423672833', '2021-05-26 15:45:51.077', 1, 1);
INSERT INTO `behavior` VALUES ('1381150125138960385', '1397458946423672833', '2021-05-26 15:45:51.078', 1, 1);
INSERT INTO `behavior` VALUES ('1381155797993840642', '1397458946423672833', '2021-05-26 15:45:51.079', 1, 1);
INSERT INTO `behavior` VALUES ('1397163373959307265', '1397458946423672833', '2021-05-26 15:45:51.081', 1, 1);
INSERT INTO `behavior` VALUES ('1397395769556086786', '1397458946423672833', '2021-05-26 15:45:51.083', 1, 1);
INSERT INTO `behavior` VALUES ('1397458677065469954', '1397458946423672833', '2021-05-26 15:45:54.423', 1, 1);
INSERT INTO `behavior` VALUES ('1349290158897311745', '1397906299584323586', '2021-05-28 19:21:49.176', 12, 6);
INSERT INTO `behavior` VALUES ('1349618748226658305', '1397906299584323586', '2021-05-27 21:23:28.571', 1, 1);
INSERT INTO `behavior` VALUES ('1376152073940574209', '1397906299584323586', '2021-05-27 21:23:28.588', 1, 1);
INSERT INTO `behavior` VALUES ('1376153606346301441', '1397906299584323586', '2021-05-27 21:23:28.604', 1, 1);
INSERT INTO `behavior` VALUES ('1376544180907843585', '1397906299584323586', '2021-05-27 21:23:28.621', 1, 1);
INSERT INTO `behavior` VALUES ('1376875674339721218', '1397906299584323586', '2021-05-27 21:23:28.636', 1, 1);
INSERT INTO `behavior` VALUES ('1380897684120219650', '1397906299584323586', '2021-05-27 21:23:28.652', 1, 1);
INSERT INTO `behavior` VALUES ('1380902443216551937', '1397906299584323586', '2021-05-27 21:23:28.669', 1, 1);
INSERT INTO `behavior` VALUES ('1381150125138960385', '1397906299584323586', '2021-05-27 21:23:28.68', 1, 1);
INSERT INTO `behavior` VALUES ('1381155797993840642', '1397906299584323586', '2021-05-27 21:23:28.688', 1, 1);
INSERT INTO `behavior` VALUES ('1397163373959307265', '1397906299584323586', '2021-05-27 21:23:28.695', 1, 1);
INSERT INTO `behavior` VALUES ('1397395769556086786', '1397906299584323586', '2021-05-27 21:23:28.704', 1, 1);
INSERT INTO `behavior` VALUES ('1397458677065469954', '1397906299584323586', '2021-05-27 21:23:28.712', 1, 1);
INSERT INTO `behavior` VALUES ('1397906311634558978', '1386969440402714625', '2021-05-27 21:23:31.229', 0, 0);
INSERT INTO `behavior` VALUES ('1397906311634558978', '1386975229607546881', '2021-05-27 21:23:31.246', 0, 0);
INSERT INTO `behavior` VALUES ('1397906311634558978', '1386977018327322626', '2021-05-27 21:23:31.258', 0, 0);
INSERT INTO `behavior` VALUES ('1397906311634558978', '1386977597078360065', '2021-05-27 21:23:31.272', 0, 0);
INSERT INTO `behavior` VALUES ('1397906311634558978', '1386978221413093378', '2021-05-27 21:23:31.285', 0, 0);
INSERT INTO `behavior` VALUES ('1397906311634558978', '1386978934839037954', '2021-05-27 21:23:31.299', 0, 0);
INSERT INTO `behavior` VALUES ('1397906311634558978', '1387021140945784834', '2021-05-27 21:23:31.311', 0, 0);
INSERT INTO `behavior` VALUES ('1397906311634558978', '1387217248917528578', '2021-05-27 21:23:31.326', 0, 0);
INSERT INTO `behavior` VALUES ('1397906311634558978', '1387997613756219393', '2021-05-27 21:23:31.337', 0, 0);
INSERT INTO `behavior` VALUES ('1397906311634558978', '1388051736434225153', '2021-05-27 21:23:31.349', 0, 0);
INSERT INTO `behavior` VALUES ('1397906311634558978', '1388056638329892865', '2021-05-27 21:23:31.364', 0, 0);
INSERT INTO `behavior` VALUES ('1397906311634558978', '1388056795779870722', '2021-05-27 21:23:31.374', 0, 0);
INSERT INTO `behavior` VALUES ('1397906311634558978', '1388095703674662913', '2021-05-27 21:23:31.389', 0, 0);
INSERT INTO `behavior` VALUES ('1397906311634558978', '1390276581733593089', '2021-05-27 21:23:31.406', 0, 0);
INSERT INTO `behavior` VALUES ('1397906311634558978', '1390278448526028802', '2021-05-27 21:23:31.423', 0, 0);
INSERT INTO `behavior` VALUES ('1397906311634558978', '1390278661395345410', '2021-05-27 21:23:31.44', 0, 0);
INSERT INTO `behavior` VALUES ('1397906311634558978', '1391636590337978369', '2021-05-27 21:23:31.454', 0, 0);
INSERT INTO `behavior` VALUES ('1397906311634558978', '1391637191973138433', '2021-05-27 21:23:31.469', 0, 0);
INSERT INTO `behavior` VALUES ('1397906311634558978', '1392446858211041281', '2021-05-27 21:23:31.481', 0, 0);
INSERT INTO `behavior` VALUES ('1397906311634558978', '1393882392355659778', '2021-05-27 21:23:31.494', 0, 0);
INSERT INTO `behavior` VALUES ('1397906311634558978', '1393882416485490690', '2021-05-27 21:23:31.509', 0, 0);
INSERT INTO `behavior` VALUES ('1397906311634558978', '1393882886255927298', '2021-05-27 21:23:31.527', 0, 0);
INSERT INTO `behavior` VALUES ('1397906311634558978', '1393883253924421633', '2021-05-27 21:23:31.542', 0, 0);
INSERT INTO `behavior` VALUES ('1397906311634558978', '1393899821496524801', '2021-05-27 21:23:31.553', 0, 0);
INSERT INTO `behavior` VALUES ('1397906311634558978', '1397156524388122626', '2021-05-27 21:23:31.574', 0, 0);
INSERT INTO `behavior` VALUES ('1397906311634558978', '1397165882937434114', '2021-05-27 21:23:31.59', 0, 0);
INSERT INTO `behavior` VALUES ('1397906311634558978', '1397170829477273601', '2021-05-27 21:23:31.603', 0, 0);
INSERT INTO `behavior` VALUES ('1397906311634558978', '1397171543813382146', '2021-05-27 21:23:31.617', 0, 0);
INSERT INTO `behavior` VALUES ('1397906311634558978', '1397397108503752706', '2021-05-27 21:23:31.632', 0, 0);
INSERT INTO `behavior` VALUES ('1397906311634558978', '1397398712854392834', '2021-05-27 21:23:31.649', 0, 0);
INSERT INTO `behavior` VALUES ('1397906311634558978', '1397458946423672833', '2021-05-27 21:23:31.665', 0, 0);
INSERT INTO `behavior` VALUES ('1349290158897311745', '1397906638064656385', '2021-05-28 19:20:48.68', 3, 3);
INSERT INTO `behavior` VALUES ('1349618748226658305', '1397906638064656385', '2021-05-27 21:24:49.084', 1, 1);
INSERT INTO `behavior` VALUES ('1376152073940574209', '1397906638064656385', '2021-05-27 21:24:49.105', 1, 1);
INSERT INTO `behavior` VALUES ('1376153606346301441', '1397906638064656385', '2021-05-27 21:24:49.135', 1, 1);
INSERT INTO `behavior` VALUES ('1376544180907843585', '1397906638064656385', '2021-05-27 21:24:49.152', 1, 1);
INSERT INTO `behavior` VALUES ('1376875674339721218', '1397906638064656385', '2021-05-27 21:24:49.162', 1, 1);
INSERT INTO `behavior` VALUES ('1380897684120219650', '1397906638064656385', '2021-05-27 21:24:49.171', 1, 1);
INSERT INTO `behavior` VALUES ('1380902443216551937', '1397906638064656385', '2021-05-27 21:24:49.181', 1, 1);
INSERT INTO `behavior` VALUES ('1381150125138960385', '1397906638064656385', '2021-05-27 21:24:49.189', 1, 1);
INSERT INTO `behavior` VALUES ('1381155797993840642', '1397906638064656385', '2021-05-27 21:24:49.198', 1, 1);
INSERT INTO `behavior` VALUES ('1397163373959307265', '1397906638064656385', '2021-05-27 21:24:49.206', 1, 1);
INSERT INTO `behavior` VALUES ('1397395769556086786', '1397906638064656385', '2021-05-27 21:24:49.213', 1, 1);
INSERT INTO `behavior` VALUES ('1397458677065469954', '1397906638064656385', '2021-05-27 21:24:49.223', 1, 1);
INSERT INTO `behavior` VALUES ('1397906311634558978', '1397906638064656385', '2021-05-27 21:34:15.604', -6, 4);
INSERT INTO `behavior` VALUES ('1349290158897311745', '1398243257451880450', '2021-06-02 11:40:07.936', 17, 11);
INSERT INTO `behavior` VALUES ('1349618748226658305', '1398243257451880450', '2021-05-28 19:42:25.666', 1, 1);
INSERT INTO `behavior` VALUES ('1376152073940574209', '1398243257451880450', '2021-05-28 19:42:25.691', 1, 1);
INSERT INTO `behavior` VALUES ('1376153606346301441', '1398243257451880450', '2021-05-28 19:42:25.709', 1, 1);
INSERT INTO `behavior` VALUES ('1376544180907843585', '1398243257451880450', '2021-05-28 19:42:25.727', 1, 1);
INSERT INTO `behavior` VALUES ('1376875674339721218', '1398243257451880450', '2021-05-28 19:42:25.745', 1, 1);
INSERT INTO `behavior` VALUES ('1380897684120219650', '1398243257451880450', '2021-05-28 19:42:25.762', 1, 1);
INSERT INTO `behavior` VALUES ('1380902443216551937', '1398243257451880450', '2021-05-28 19:42:25.778', 1, 1);
INSERT INTO `behavior` VALUES ('1381150125138960385', '1398243257451880450', '2021-05-28 19:42:25.797', 1, 1);
INSERT INTO `behavior` VALUES ('1381155797993840642', '1398243257451880450', '2021-05-28 19:42:25.812', 1, 1);
INSERT INTO `behavior` VALUES ('1397163373959307265', '1398243257451880450', '2021-05-28 19:42:25.825', 1, 1);
INSERT INTO `behavior` VALUES ('1397395769556086786', '1398243257451880450', '2021-05-28 19:42:25.842', 1, 1);
INSERT INTO `behavior` VALUES ('1397458677065469954', '1398243257451880450', '2021-05-28 19:42:25.859', 1, 1);
INSERT INTO `behavior` VALUES ('1397906311634558978', '1398243257451880450', '2021-05-28 19:42:25.878', 1, 1);
INSERT INTO `behavior` VALUES ('1399174001057669121', '1386969440402714625', '2021-05-31 09:20:51.973', 0, 0);
INSERT INTO `behavior` VALUES ('1399174001057669121', '1386975229607546881', '2021-05-31 09:20:51.981', 0, 0);
INSERT INTO `behavior` VALUES ('1399174001057669121', '1386977018327322626', '2021-05-31 09:20:51.989', 0, 0);
INSERT INTO `behavior` VALUES ('1399174001057669121', '1386977597078360065', '2021-05-31 09:20:51.996', 0, 0);
INSERT INTO `behavior` VALUES ('1399174001057669121', '1386978221413093378', '2021-05-31 09:20:52.004', 0, 0);
INSERT INTO `behavior` VALUES ('1399174001057669121', '1386978934839037954', '2021-05-31 09:20:52.017', 0, 0);
INSERT INTO `behavior` VALUES ('1399174001057669121', '1387021140945784834', '2021-05-31 09:20:52.025', 0, 0);
INSERT INTO `behavior` VALUES ('1399174001057669121', '1387217248917528578', '2021-05-31 09:20:52.033', 0, 0);
INSERT INTO `behavior` VALUES ('1399174001057669121', '1387997613756219393', '2021-05-31 09:20:52.041', 0, 0);
INSERT INTO `behavior` VALUES ('1399174001057669121', '1388051736434225153', '2021-05-31 16:10:22.737', 2, 2);
INSERT INTO `behavior` VALUES ('1399174001057669121', '1388056638329892865', '2021-05-31 09:20:52.056', 0, 0);
INSERT INTO `behavior` VALUES ('1399174001057669121', '1388056795779870722', '2021-05-31 09:20:52.069', 0, 0);
INSERT INTO `behavior` VALUES ('1399174001057669121', '1388095703674662913', '2021-05-31 09:20:52.077', 0, 0);
INSERT INTO `behavior` VALUES ('1399174001057669121', '1390276581733593089', '2021-05-31 09:20:52.085', 0, 0);
INSERT INTO `behavior` VALUES ('1399174001057669121', '1390278448526028802', '2021-05-31 09:20:52.092', 0, 0);
INSERT INTO `behavior` VALUES ('1399174001057669121', '1390278661395345410', '2021-05-31 09:20:52.1', 0, 0);
INSERT INTO `behavior` VALUES ('1399174001057669121', '1391636590337978369', '2021-05-31 09:20:52.107', 0, 0);
INSERT INTO `behavior` VALUES ('1399174001057669121', '1391637191973138433', '2021-05-31 09:20:52.115', 0, 0);
INSERT INTO `behavior` VALUES ('1399174001057669121', '1392446858211041281', '2021-05-31 09:20:52.122', 0, 0);
INSERT INTO `behavior` VALUES ('1399174001057669121', '1393882392355659778', '2021-05-31 09:20:52.13', 0, 0);
INSERT INTO `behavior` VALUES ('1399174001057669121', '1393882416485490690', '2021-05-31 09:20:52.138', 0, 0);
INSERT INTO `behavior` VALUES ('1399174001057669121', '1393882886255927298', '2021-05-31 09:20:52.145', 0, 0);
INSERT INTO `behavior` VALUES ('1399174001057669121', '1393883253924421633', '2021-05-31 09:20:52.153', 0, 0);
INSERT INTO `behavior` VALUES ('1399174001057669121', '1393899821496524801', '2021-05-31 09:20:52.16', 0, 0);
INSERT INTO `behavior` VALUES ('1399174001057669121', '1397156524388122626', '2021-05-31 09:20:52.168', 0, 0);
INSERT INTO `behavior` VALUES ('1399174001057669121', '1397165882937434114', '2021-05-31 09:20:52.176', 0, 0);
INSERT INTO `behavior` VALUES ('1399174001057669121', '1397170829477273601', '2021-05-31 09:20:52.184', 0, 0);
INSERT INTO `behavior` VALUES ('1399174001057669121', '1397171543813382146', '2021-05-31 09:20:52.192', 0, 0);
INSERT INTO `behavior` VALUES ('1399174001057669121', '1397397108503752706', '2021-05-31 09:20:52.199', 0, 0);
INSERT INTO `behavior` VALUES ('1399174001057669121', '1397398712854392834', '2021-05-31 09:20:52.207', 0, 0);
INSERT INTO `behavior` VALUES ('1399174001057669121', '1397458946423672833', '2021-05-31 09:20:52.215', 0, 0);
INSERT INTO `behavior` VALUES ('1399174001057669121', '1397906299584323586', '2021-05-31 09:20:52.223', 0, 0);
INSERT INTO `behavior` VALUES ('1399174001057669121', '1397906638064656385', '2021-05-31 09:20:52.231', 0, 0);
INSERT INTO `behavior` VALUES ('1399174001057669121', '1398243257451880450', '2021-05-31 09:20:52.238', 0, 0);
INSERT INTO `behavior` VALUES ('1349290158897311745', '1399175340319907841', '2021-05-31 09:42:43.452', 9, 8);
INSERT INTO `behavior` VALUES ('1349618748226658305', '1399175340319907841', '2021-05-31 09:26:11.244', 1, 1);
INSERT INTO `behavior` VALUES ('1376152073940574209', '1399175340319907841', '2021-05-31 09:26:11.251', 1, 1);
INSERT INTO `behavior` VALUES ('1376153606346301441', '1399175340319907841', '2021-05-31 09:26:11.258', 1, 1);
INSERT INTO `behavior` VALUES ('1376544180907843585', '1399175340319907841', '2021-05-31 09:26:11.273', 1, 1);
INSERT INTO `behavior` VALUES ('1376875674339721218', '1399175340319907841', '2021-05-31 09:26:11.281', 1, 1);
INSERT INTO `behavior` VALUES ('1380897684120219650', '1399175340319907841', '2021-05-31 09:26:11.288', 1, 1);
INSERT INTO `behavior` VALUES ('1380902443216551937', '1399175340319907841', '2021-05-31 09:26:11.296', 1, 1);
INSERT INTO `behavior` VALUES ('1381150125138960385', '1399175340319907841', '2021-05-31 09:26:11.303', 1, 1);
INSERT INTO `behavior` VALUES ('1381155797993840642', '1399175340319907841', '2021-05-31 09:26:11.31', 1, 1);
INSERT INTO `behavior` VALUES ('1397163373959307265', '1399175340319907841', '2021-05-31 09:26:11.317', 1, 1);
INSERT INTO `behavior` VALUES ('1397395769556086786', '1399175340319907841', '2021-05-31 09:26:11.324', 1, 1);
INSERT INTO `behavior` VALUES ('1397458677065469954', '1399175340319907841', '2021-05-31 09:26:11.331', 1, 1);
INSERT INTO `behavior` VALUES ('1397906311634558978', '1399175340319907841', '2021-05-31 09:26:11.338', 1, 1);
INSERT INTO `behavior` VALUES ('1399174001057669121', '1399175340319907841', '2021-05-31 16:09:55.486', 9, 3);
INSERT INTO `behavior` VALUES ('1349290158897311745', '1399695791416745986', '2021-06-02 11:39:44.573', 12, 6);
INSERT INTO `behavior` VALUES ('1349618748226658305', '1399695791416745986', '2021-06-01 19:54:16.454', 1, 1);
INSERT INTO `behavior` VALUES ('1376152073940574209', '1399695791416745986', '2021-06-01 19:54:16.462', 1, 1);
INSERT INTO `behavior` VALUES ('1376153606346301441', '1399695791416745986', '2021-06-01 19:54:16.47', 1, 1);
INSERT INTO `behavior` VALUES ('1376544180907843585', '1399695791416745986', '2021-06-01 19:54:16.478', 1, 1);
INSERT INTO `behavior` VALUES ('1376875674339721218', '1399695791416745986', '2021-06-01 19:54:16.486', 1, 1);
INSERT INTO `behavior` VALUES ('1380897684120219650', '1399695791416745986', '2021-06-01 19:54:16.494', 1, 1);
INSERT INTO `behavior` VALUES ('1380902443216551937', '1399695791416745986', '2021-06-01 19:54:16.503', 1, 1);
INSERT INTO `behavior` VALUES ('1381150125138960385', '1399695791416745986', '2021-06-01 19:54:16.512', 1, 1);
INSERT INTO `behavior` VALUES ('1381155797993840642', '1399695791416745986', '2021-06-01 19:54:16.519', 1, 1);
INSERT INTO `behavior` VALUES ('1397163373959307265', '1399695791416745986', '2021-06-01 19:54:16.548', 1, 1);
INSERT INTO `behavior` VALUES ('1397395769556086786', '1399695791416745986', '2021-06-01 19:54:16.566', 1, 1);
INSERT INTO `behavior` VALUES ('1397458677065469954', '1399695791416745986', '2021-06-01 19:54:16.574', 1, 1);
INSERT INTO `behavior` VALUES ('1397906311634558978', '1399695791416745986', '2021-06-01 19:54:16.581', 1, 1);
INSERT INTO `behavior` VALUES ('1399174001057669121', '1399695791416745986', '2021-06-01 19:54:16.588', 1, 1);
INSERT INTO `behavior` VALUES ('1400776833187782657', '1386969440402714625', '2021-06-04 19:29:56.889', 0, 0);
INSERT INTO `behavior` VALUES ('1400776833187782657', '1386975229607546881', '2021-06-04 19:29:56.897', 0, 0);
INSERT INTO `behavior` VALUES ('1400776833187782657', '1386977018327322626', '2021-06-04 19:29:56.904', 0, 0);
INSERT INTO `behavior` VALUES ('1400776833187782657', '1386977597078360065', '2021-06-04 19:29:56.912', 0, 0);
INSERT INTO `behavior` VALUES ('1400776833187782657', '1386978221413093378', '2021-06-04 19:29:56.919', 0, 0);
INSERT INTO `behavior` VALUES ('1400776833187782657', '1386978934839037954', '2021-06-04 19:29:56.927', 0, 0);
INSERT INTO `behavior` VALUES ('1400776833187782657', '1387021140945784834', '2021-06-04 19:29:56.934', 0, 0);
INSERT INTO `behavior` VALUES ('1400776833187782657', '1387217248917528578', '2021-06-04 19:29:56.941', 0, 0);
INSERT INTO `behavior` VALUES ('1400776833187782657', '1387997613756219393', '2021-06-04 19:29:56.965', 0, 0);
INSERT INTO `behavior` VALUES ('1400776833187782657', '1388051736434225153', '2021-06-04 19:29:56.974', 0, 0);
INSERT INTO `behavior` VALUES ('1400776833187782657', '1388056638329892865', '2021-06-04 19:29:56.985', 0, 0);
INSERT INTO `behavior` VALUES ('1400776833187782657', '1388056795779870722', '2021-06-04 19:29:56.993', 0, 0);
INSERT INTO `behavior` VALUES ('1400776833187782657', '1388095703674662913', '2021-06-04 19:29:57.001', 0, 0);
INSERT INTO `behavior` VALUES ('1400776833187782657', '1390276581733593089', '2021-06-04 19:29:57.008', 0, 0);
INSERT INTO `behavior` VALUES ('1400776833187782657', '1390278448526028802', '2021-06-04 19:29:57.016', 0, 0);
INSERT INTO `behavior` VALUES ('1400776833187782657', '1390278661395345410', '2021-06-04 19:29:57.023', 0, 0);
INSERT INTO `behavior` VALUES ('1400776833187782657', '1391636590337978369', '2021-06-04 19:29:57.03', 0, 0);
INSERT INTO `behavior` VALUES ('1400776833187782657', '1391637191973138433', '2021-06-04 19:29:57.038', 0, 0);
INSERT INTO `behavior` VALUES ('1400776833187782657', '1392446858211041281', '2021-06-04 19:29:57.046', 0, 0);
INSERT INTO `behavior` VALUES ('1400776833187782657', '1393882392355659778', '2021-06-04 19:29:57.055', 0, 0);
INSERT INTO `behavior` VALUES ('1400776833187782657', '1393882416485490690', '2021-06-04 19:29:57.063', 0, 0);
INSERT INTO `behavior` VALUES ('1400776833187782657', '1393882886255927298', '2021-06-04 19:29:57.071', 0, 0);
INSERT INTO `behavior` VALUES ('1400776833187782657', '1393883253924421633', '2021-06-04 19:29:57.079', 0, 0);
INSERT INTO `behavior` VALUES ('1400776833187782657', '1393899821496524801', '2021-06-04 19:29:57.086', 0, 0);
INSERT INTO `behavior` VALUES ('1400776833187782657', '1397156524388122626', '2021-06-04 19:29:57.094', 0, 0);
INSERT INTO `behavior` VALUES ('1400776833187782657', '1397165882937434114', '2021-06-04 19:29:57.101', 0, 0);
INSERT INTO `behavior` VALUES ('1400776833187782657', '1397170829477273601', '2021-06-04 19:29:57.112', 0, 0);
INSERT INTO `behavior` VALUES ('1400776833187782657', '1397171543813382146', '2021-06-04 19:29:57.122', 0, 0);
INSERT INTO `behavior` VALUES ('1400776833187782657', '1397397108503752706', '2021-06-04 19:29:57.129', 0, 0);
INSERT INTO `behavior` VALUES ('1400776833187782657', '1397398712854392834', '2021-06-04 19:29:57.137', 0, 0);
INSERT INTO `behavior` VALUES ('1400776833187782657', '1397458946423672833', '2021-06-04 19:29:57.145', 0, 0);
INSERT INTO `behavior` VALUES ('1400776833187782657', '1397906299584323586', '2021-06-04 19:29:57.152', 0, 0);
INSERT INTO `behavior` VALUES ('1400776833187782657', '1397906638064656385', '2021-06-04 19:29:57.16', 0, 0);
INSERT INTO `behavior` VALUES ('1400776833187782657', '1398243257451880450', '2021-06-04 19:29:57.167', 0, 0);
INSERT INTO `behavior` VALUES ('1400776833187782657', '1399175340319907841', '2021-06-04 19:29:57.175', 0, 0);
INSERT INTO `behavior` VALUES ('1400776833187782657', '1399695791416745986', '2021-06-04 19:29:57.184', 0, 0);
INSERT INTO `behavior` VALUES ('1349290158897311745', '1400777676712648705', '2021-06-04 19:33:17.998', 1, 1);
INSERT INTO `behavior` VALUES ('1349618748226658305', '1400777676712648705', '2021-06-04 19:33:18.005', 1, 1);
INSERT INTO `behavior` VALUES ('1376152073940574209', '1400777676712648705', '2021-06-04 19:33:18.013', 1, 1);
INSERT INTO `behavior` VALUES ('1376153606346301441', '1400777676712648705', '2021-06-04 19:33:18.02', 1, 1);
INSERT INTO `behavior` VALUES ('1376544180907843585', '1400777676712648705', '2021-06-04 19:33:18.034', 1, 1);
INSERT INTO `behavior` VALUES ('1376875674339721218', '1400777676712648705', '2021-06-04 19:33:18.042', 1, 1);
INSERT INTO `behavior` VALUES ('1380897684120219650', '1400777676712648705', '2021-06-04 19:33:18.05', 1, 1);
INSERT INTO `behavior` VALUES ('1380902443216551937', '1400777676712648705', '2021-06-04 19:33:18.057', 1, 1);
INSERT INTO `behavior` VALUES ('1381150125138960385', '1400777676712648705', '2021-06-04 19:33:18.065', 1, 1);
INSERT INTO `behavior` VALUES ('1381155797993840642', '1400777676712648705', '2021-06-04 19:33:18.072', 1, 1);
INSERT INTO `behavior` VALUES ('1397163373959307265', '1400777676712648705', '2021-06-04 19:33:18.082', 1, 1);
INSERT INTO `behavior` VALUES ('1397395769556086786', '1400777676712648705', '2021-06-04 19:33:18.09', 1, 1);
INSERT INTO `behavior` VALUES ('1397458677065469954', '1400777676712648705', '2021-06-04 19:33:18.098', 1, 1);
INSERT INTO `behavior` VALUES ('1397906311634558978', '1400777676712648705', '2021-06-04 19:33:18.106', 1, 1);
INSERT INTO `behavior` VALUES ('1399174001057669121', '1400777676712648705', '2021-06-04 19:33:18.114', 1, 1);
INSERT INTO `behavior` VALUES ('1400776833187782657', '1400777676712648705', '2021-06-04 19:36:03.78', 9, 3);
INSERT INTO `behavior` VALUES ('1349290158897311745', '1400777681410269185', '2021-06-04 19:33:19.116', 1, 1);
INSERT INTO `behavior` VALUES ('1349618748226658305', '1400777681410269185', '2021-06-04 19:33:19.123', 1, 1);
INSERT INTO `behavior` VALUES ('1376152073940574209', '1400777681410269185', '2021-06-04 19:33:19.131', 1, 1);
INSERT INTO `behavior` VALUES ('1376153606346301441', '1400777681410269185', '2021-06-04 19:33:19.138', 1, 1);
INSERT INTO `behavior` VALUES ('1376544180907843585', '1400777681410269185', '2021-06-04 19:33:19.145', 1, 1);
INSERT INTO `behavior` VALUES ('1376875674339721218', '1400777681410269185', '2021-06-04 19:33:19.152', 1, 1);
INSERT INTO `behavior` VALUES ('1380897684120219650', '1400777681410269185', '2021-06-04 19:33:19.159', 1, 1);
INSERT INTO `behavior` VALUES ('1380902443216551937', '1400777681410269185', '2021-06-04 19:33:19.17', 1, 1);
INSERT INTO `behavior` VALUES ('1381150125138960385', '1400777681410269185', '2021-06-04 19:33:19.177', 1, 1);
INSERT INTO `behavior` VALUES ('1381155797993840642', '1400777681410269185', '2021-06-04 19:33:19.184', 1, 1);
INSERT INTO `behavior` VALUES ('1397163373959307265', '1400777681410269185', '2021-06-04 19:33:19.192', 1, 1);
INSERT INTO `behavior` VALUES ('1397395769556086786', '1400777681410269185', '2021-06-04 19:33:19.2', 1, 1);
INSERT INTO `behavior` VALUES ('1397458677065469954', '1400777681410269185', '2021-06-04 19:33:19.208', 1, 1);
INSERT INTO `behavior` VALUES ('1397906311634558978', '1400777681410269185', '2021-06-04 19:33:19.215', 1, 1);
INSERT INTO `behavior` VALUES ('1399174001057669121', '1400777681410269185', '2021-06-04 19:33:19.223', 1, 1);
INSERT INTO `behavior` VALUES ('1400776833187782657', '1400777681410269185', '2021-06-04 19:36:35.317', 13, 4);
INSERT INTO `behavior` VALUES ('1349290158897311745', '1400777683301900289', '2021-06-04 19:33:19.569', 1, 1);
INSERT INTO `behavior` VALUES ('1349618748226658305', '1400777683301900289', '2021-06-04 19:33:19.577', 1, 1);
INSERT INTO `behavior` VALUES ('1376152073940574209', '1400777683301900289', '2021-06-04 19:33:19.584', 1, 1);
INSERT INTO `behavior` VALUES ('1376153606346301441', '1400777683301900289', '2021-06-04 19:33:19.592', 1, 1);
INSERT INTO `behavior` VALUES ('1376544180907843585', '1400777683301900289', '2021-06-04 19:33:19.599', 1, 1);
INSERT INTO `behavior` VALUES ('1376875674339721218', '1400777683301900289', '2021-06-04 19:33:19.608', 1, 1);
INSERT INTO `behavior` VALUES ('1380897684120219650', '1400777683301900289', '2021-06-04 19:33:19.615', 1, 1);
INSERT INTO `behavior` VALUES ('1380902443216551937', '1400777683301900289', '2021-06-04 19:33:19.635', 1, 1);
INSERT INTO `behavior` VALUES ('1381150125138960385', '1400777683301900289', '2021-06-04 19:33:19.646', 1, 1);
INSERT INTO `behavior` VALUES ('1381155797993840642', '1400777683301900289', '2021-06-04 19:33:19.664', 1, 1);
INSERT INTO `behavior` VALUES ('1397163373959307265', '1400777683301900289', '2021-06-04 19:33:19.693', 1, 1);
INSERT INTO `behavior` VALUES ('1397395769556086786', '1400777683301900289', '2021-06-04 19:33:19.701', 1, 1);
INSERT INTO `behavior` VALUES ('1397458677065469954', '1400777683301900289', '2021-06-04 19:33:19.719', 1, 1);
INSERT INTO `behavior` VALUES ('1397906311634558978', '1400777683301900289', '2021-06-04 19:33:19.73', 1, 1);
INSERT INTO `behavior` VALUES ('1399174001057669121', '1400777683301900289', '2021-06-04 19:33:19.738', 1, 1);
INSERT INTO `behavior` VALUES ('1400776833187782657', '1400777683301900289', '2021-06-04 19:36:08.651', 51, 14);

-- ----------------------------
-- Table structure for behavior_similarity
-- ----------------------------
DROP TABLE IF EXISTS `behavior_similarity`;
CREATE TABLE `behavior_similarity`  (
  `user_id` varchar(255) CHARACTER SET utf8mb4 COLLATE utf8mb4_0900_ai_ci NULL DEFAULT NULL COMMENT '主用户id',
  `user_ref_id` varchar(255) CHARACTER SET utf8mb4 COLLATE utf8mb4_0900_ai_ci NULL DEFAULT NULL COMMENT '从用户id',
  `similarity` double NULL DEFAULT NULL COMMENT '相似度'
) ENGINE = InnoDB CHARACTER SET = utf8mb4 COLLATE = utf8mb4_0900_ai_ci ROW_FORMAT = DYNAMIC;

-- ----------------------------
-- Records of behavior_similarity
-- ----------------------------
INSERT INTO `behavior_similarity` VALUES ('1349618748226658305', '1380897684120219650', 1);
INSERT INTO `behavior_similarity` VALUES ('1349618748226658305', '1376875674339721218', 1);
INSERT INTO `behavior_similarity` VALUES ('1349618748226658305', '1376544180907843585', 1);
INSERT INTO `behavior_similarity` VALUES ('1349618748226658305', '1381150125138960385', 1);
INSERT INTO `behavior_similarity` VALUES ('1349618748226658305', '1376152073940574209', 1);
INSERT INTO `behavior_similarity` VALUES ('1349618748226658305', '1349290158897311745', 0.3102526139970115);
INSERT INTO `behavior_similarity` VALUES ('1349618748226658305', '1376153606346301441', 1);
INSERT INTO `behavior_similarity` VALUES ('1349618748226658305', '1380902443216551937', 1);
INSERT INTO `behavior_similarity` VALUES ('1349618748226658305', '1381155797993840642', 1);
INSERT INTO `behavior_similarity` VALUES ('1380897684120219650', '1376875674339721218', 1);
INSERT INTO `behavior_similarity` VALUES ('1380897684120219650', '1376544180907843585', 1.0000000000000002);
INSERT INTO `behavior_similarity` VALUES ('1380897684120219650', '1381150125138960385', 1);
INSERT INTO `behavior_similarity` VALUES ('1380897684120219650', '1376152073940574209', 1.0000000000000002);
INSERT INTO `behavior_similarity` VALUES ('1380897684120219650', '1349290158897311745', 0.4033874289792733);
INSERT INTO `behavior_similarity` VALUES ('1380897684120219650', '1376153606346301441', 1);
INSERT INTO `behavior_similarity` VALUES ('1380897684120219650', '1380902443216551937', 1.0000000000000002);
INSERT INTO `behavior_similarity` VALUES ('1380897684120219650', '1381155797993840642', 1);
INSERT INTO `behavior_similarity` VALUES ('1376875674339721218', '1376544180907843585', 1.0000000000000002);
INSERT INTO `behavior_similarity` VALUES ('1376875674339721218', '1381150125138960385', 1);
INSERT INTO `behavior_similarity` VALUES ('1376875674339721218', '1376152073940574209', 1.0000000000000002);
INSERT INTO `behavior_similarity` VALUES ('1376875674339721218', '1349290158897311745', 0.5789860240280302);
INSERT INTO `behavior_similarity` VALUES ('1376875674339721218', '1376153606346301441', 1);
INSERT INTO `behavior_similarity` VALUES ('1376875674339721218', '1380902443216551937', 1.0000000000000002);
INSERT INTO `behavior_similarity` VALUES ('1376875674339721218', '1381155797993840642', 1);
INSERT INTO `behavior_similarity` VALUES ('1376544180907843585', '1381150125138960385', 1);
INSERT INTO `behavior_similarity` VALUES ('1376544180907843585', '1376152073940574209', 1);
INSERT INTO `behavior_similarity` VALUES ('1376544180907843585', '1349290158897311745', 0.3102526139970115);
INSERT INTO `behavior_similarity` VALUES ('1376544180907843585', '1376153606346301441', 1);
INSERT INTO `behavior_similarity` VALUES ('1376544180907843585', '1380902443216551937', 1);
INSERT INTO `behavior_similarity` VALUES ('1376544180907843585', '1381155797993840642', 1);
INSERT INTO `behavior_similarity` VALUES ('1381150125138960385', '1376152073940574209', 1.0000000000000002);
INSERT INTO `behavior_similarity` VALUES ('1381150125138960385', '1349290158897311745', 0.4033874289792733);
INSERT INTO `behavior_similarity` VALUES ('1381150125138960385', '1376153606346301441', 1);
INSERT INTO `behavior_similarity` VALUES ('1381150125138960385', '1380902443216551937', 1.0000000000000002);
INSERT INTO `behavior_similarity` VALUES ('1381150125138960385', '1381155797993840642', 1);
INSERT INTO `behavior_similarity` VALUES ('1376152073940574209', '1349290158897311745', 0.3102526139970115);
INSERT INTO `behavior_similarity` VALUES ('1376152073940574209', '1376153606346301441', 1);
INSERT INTO `behavior_similarity` VALUES ('1376152073940574209', '1380902443216551937', 1);
INSERT INTO `behavior_similarity` VALUES ('1376152073940574209', '1381155797993840642', 1);
INSERT INTO `behavior_similarity` VALUES ('1349290158897311745', '1376153606346301441', 0.3102526139970115);
INSERT INTO `behavior_similarity` VALUES ('1349290158897311745', '1380902443216551937', 0.3102526139970115);
INSERT INTO `behavior_similarity` VALUES ('1349290158897311745', '1381155797993840642', 0.3102526139970115);
INSERT INTO `behavior_similarity` VALUES ('1376153606346301441', '1380902443216551937', 1.0000000000000002);
INSERT INTO `behavior_similarity` VALUES ('1376153606346301441', '1381155797993840642', 1);
INSERT INTO `behavior_similarity` VALUES ('1380902443216551937', '1381155797993840642', 1);
INSERT INTO `behavior_similarity` VALUES ('1349618748226658305', '1376875674339721218', 1);
INSERT INTO `behavior_similarity` VALUES ('1380897684120219650', '1376875674339721218', 1);
INSERT INTO `behavior_similarity` VALUES ('1376875674339721218', '1376544180907843585', 1.0000000000000002);
INSERT INTO `behavior_similarity` VALUES ('1376875674339721218', '1381150125138960385', 1);
INSERT INTO `behavior_similarity` VALUES ('1376875674339721218', '1376152073940574209', 1.0000000000000002);
INSERT INTO `behavior_similarity` VALUES ('1376875674339721218', '1349290158897311745', 0.5789860240280302);
INSERT INTO `behavior_similarity` VALUES ('1376875674339721218', '1376153606346301441', 1);
INSERT INTO `behavior_similarity` VALUES ('1376875674339721218', '1380902443216551937', 1.0000000000000002);
INSERT INTO `behavior_similarity` VALUES ('1376875674339721218', '1381155797993840642', 1);
INSERT INTO `behavior_similarity` VALUES ('1349618748226658305', '1376152073940574209', 1);
INSERT INTO `behavior_similarity` VALUES ('1380897684120219650', '1376152073940574209', 1.0000000000000002);
INSERT INTO `behavior_similarity` VALUES ('1376875674339721218', '1376152073940574209', 1.0000000000000002);
INSERT INTO `behavior_similarity` VALUES ('1376544180907843585', '1376152073940574209', 1);
INSERT INTO `behavior_similarity` VALUES ('1381150125138960385', '1376152073940574209', 1.0000000000000002);
INSERT INTO `behavior_similarity` VALUES ('1376152073940574209', '1349290158897311745', 0.3102526139970115);
INSERT INTO `behavior_similarity` VALUES ('1376152073940574209', '1376153606346301441', 1);
INSERT INTO `behavior_similarity` VALUES ('1376152073940574209', '1380902443216551937', 1);
INSERT INTO `behavior_similarity` VALUES ('1376152073940574209', '1381155797993840642', 1);
INSERT INTO `behavior_similarity` VALUES ('1349618748226658305', '1349290158897311745', 0.3102526139970115);
INSERT INTO `behavior_similarity` VALUES ('1380897684120219650', '1349290158897311745', 0.4033874289792733);
INSERT INTO `behavior_similarity` VALUES ('1376875674339721218', '1349290158897311745', 0.5789860240280302);
INSERT INTO `behavior_similarity` VALUES ('1376544180907843585', '1349290158897311745', 0.3102526139970115);
INSERT INTO `behavior_similarity` VALUES ('1381150125138960385', '1349290158897311745', 0.4033874289792733);
INSERT INTO `behavior_similarity` VALUES ('1376152073940574209', '1349290158897311745', 0.3102526139970115);
INSERT INTO `behavior_similarity` VALUES ('1349290158897311745', '1376153606346301441', 0.3102526139970115);
INSERT INTO `behavior_similarity` VALUES ('1349290158897311745', '1380902443216551937', 0.3102526139970115);
INSERT INTO `behavior_similarity` VALUES ('1349290158897311745', '1381155797993840642', 0.3102526139970115);
INSERT INTO `behavior_similarity` VALUES ('1349618748226658305', '1380897684120219650', 1);
INSERT INTO `behavior_similarity` VALUES ('1349618748226658305', '1376875674339721218', 1);
INSERT INTO `behavior_similarity` VALUES ('1349618748226658305', '1376544180907843585', 1);
INSERT INTO `behavior_similarity` VALUES ('1349618748226658305', '1381150125138960385', 1);
INSERT INTO `behavior_similarity` VALUES ('1349618748226658305', '1376152073940574209', 1);
INSERT INTO `behavior_similarity` VALUES ('1349618748226658305', '1349290158897311745', 0.3102526139970115);
INSERT INTO `behavior_similarity` VALUES ('1349618748226658305', '1376153606346301441', 1);
INSERT INTO `behavior_similarity` VALUES ('1349618748226658305', '1380902443216551937', 1);
INSERT INTO `behavior_similarity` VALUES ('1349618748226658305', '1381155797993840642', 1);
INSERT INTO `behavior_similarity` VALUES ('1380897684120219650', '1376875674339721218', 1);
INSERT INTO `behavior_similarity` VALUES ('1380897684120219650', '1376544180907843585', 1.0000000000000002);
INSERT INTO `behavior_similarity` VALUES ('1380897684120219650', '1381150125138960385', 1);
INSERT INTO `behavior_similarity` VALUES ('1380897684120219650', '1376152073940574209', 1.0000000000000002);
INSERT INTO `behavior_similarity` VALUES ('1380897684120219650', '1349290158897311745', 0.4033874289792733);
INSERT INTO `behavior_similarity` VALUES ('1380897684120219650', '1376153606346301441', 1);
INSERT INTO `behavior_similarity` VALUES ('1380897684120219650', '1380902443216551937', 1.0000000000000002);
INSERT INTO `behavior_similarity` VALUES ('1380897684120219650', '1381155797993840642', 1);
INSERT INTO `behavior_similarity` VALUES ('1376875674339721218', '1376544180907843585', 1.0000000000000002);
INSERT INTO `behavior_similarity` VALUES ('1376875674339721218', '1381150125138960385', 1);
INSERT INTO `behavior_similarity` VALUES ('1376875674339721218', '1376152073940574209', 1.0000000000000002);
INSERT INTO `behavior_similarity` VALUES ('1376875674339721218', '1349290158897311745', 0.5789860240280302);
INSERT INTO `behavior_similarity` VALUES ('1376875674339721218', '1376153606346301441', 1);
INSERT INTO `behavior_similarity` VALUES ('1376875674339721218', '1380902443216551937', 1.0000000000000002);
INSERT INTO `behavior_similarity` VALUES ('1376875674339721218', '1381155797993840642', 1);
INSERT INTO `behavior_similarity` VALUES ('1376544180907843585', '1381150125138960385', 1);
INSERT INTO `behavior_similarity` VALUES ('1376544180907843585', '1376152073940574209', 1);
INSERT INTO `behavior_similarity` VALUES ('1376544180907843585', '1349290158897311745', 0.3102526139970115);
INSERT INTO `behavior_similarity` VALUES ('1376544180907843585', '1376153606346301441', 1);
INSERT INTO `behavior_similarity` VALUES ('1376544180907843585', '1380902443216551937', 1);
INSERT INTO `behavior_similarity` VALUES ('1376544180907843585', '1381155797993840642', 1);
INSERT INTO `behavior_similarity` VALUES ('1381150125138960385', '1376152073940574209', 1.0000000000000002);
INSERT INTO `behavior_similarity` VALUES ('1381150125138960385', '1349290158897311745', 0.4033874289792733);
INSERT INTO `behavior_similarity` VALUES ('1381150125138960385', '1376153606346301441', 1);
INSERT INTO `behavior_similarity` VALUES ('1381150125138960385', '1380902443216551937', 1.0000000000000002);
INSERT INTO `behavior_similarity` VALUES ('1381150125138960385', '1381155797993840642', 1);
INSERT INTO `behavior_similarity` VALUES ('1376152073940574209', '1349290158897311745', 0.3102526139970115);
INSERT INTO `behavior_similarity` VALUES ('1376152073940574209', '1376153606346301441', 1);
INSERT INTO `behavior_similarity` VALUES ('1376152073940574209', '1380902443216551937', 1);
INSERT INTO `behavior_similarity` VALUES ('1376152073940574209', '1381155797993840642', 1);
INSERT INTO `behavior_similarity` VALUES ('1349290158897311745', '1376153606346301441', 0.3102526139970115);
INSERT INTO `behavior_similarity` VALUES ('1349290158897311745', '1380902443216551937', 0.3102526139970115);
INSERT INTO `behavior_similarity` VALUES ('1349290158897311745', '1381155797993840642', 0.3102526139970115);
INSERT INTO `behavior_similarity` VALUES ('1376153606346301441', '1380902443216551937', 1.0000000000000002);
INSERT INTO `behavior_similarity` VALUES ('1376153606346301441', '1381155797993840642', 1);
INSERT INTO `behavior_similarity` VALUES ('1380902443216551937', '1381155797993840642', 1);
INSERT INTO `behavior_similarity` VALUES ('1349618748226658305', '1380897684120219650', 1);
INSERT INTO `behavior_similarity` VALUES ('1349618748226658305', '1376875674339721218', 1);
INSERT INTO `behavior_similarity` VALUES ('1349618748226658305', '1376544180907843585', 1);
INSERT INTO `behavior_similarity` VALUES ('1349618748226658305', '1381150125138960385', 1);
INSERT INTO `behavior_similarity` VALUES ('1349618748226658305', '1376152073940574209', 1);
INSERT INTO `behavior_similarity` VALUES ('1349618748226658305', '1349290158897311745', 0.3102526139970115);
INSERT INTO `behavior_similarity` VALUES ('1349618748226658305', '1376153606346301441', 1);
INSERT INTO `behavior_similarity` VALUES ('1349618748226658305', '1380902443216551937', 1);
INSERT INTO `behavior_similarity` VALUES ('1349618748226658305', '1381155797993840642', 1);
INSERT INTO `behavior_similarity` VALUES ('1380897684120219650', '1376875674339721218', 1);
INSERT INTO `behavior_similarity` VALUES ('1380897684120219650', '1376544180907843585', 1.0000000000000002);
INSERT INTO `behavior_similarity` VALUES ('1380897684120219650', '1381150125138960385', 1);
INSERT INTO `behavior_similarity` VALUES ('1380897684120219650', '1376152073940574209', 1.0000000000000002);
INSERT INTO `behavior_similarity` VALUES ('1380897684120219650', '1349290158897311745', 0.4033874289792733);
INSERT INTO `behavior_similarity` VALUES ('1380897684120219650', '1376153606346301441', 1);
INSERT INTO `behavior_similarity` VALUES ('1380897684120219650', '1380902443216551937', 1.0000000000000002);
INSERT INTO `behavior_similarity` VALUES ('1380897684120219650', '1381155797993840642', 1);
INSERT INTO `behavior_similarity` VALUES ('1376875674339721218', '1376544180907843585', 1.0000000000000002);
INSERT INTO `behavior_similarity` VALUES ('1376875674339721218', '1381150125138960385', 1);
INSERT INTO `behavior_similarity` VALUES ('1376875674339721218', '1376152073940574209', 1.0000000000000002);
INSERT INTO `behavior_similarity` VALUES ('1376875674339721218', '1349290158897311745', 0.5789860240280302);
INSERT INTO `behavior_similarity` VALUES ('1376875674339721218', '1376153606346301441', 1);
INSERT INTO `behavior_similarity` VALUES ('1376875674339721218', '1380902443216551937', 1.0000000000000002);
INSERT INTO `behavior_similarity` VALUES ('1376875674339721218', '1381155797993840642', 1);
INSERT INTO `behavior_similarity` VALUES ('1376544180907843585', '1381150125138960385', 1);
INSERT INTO `behavior_similarity` VALUES ('1376544180907843585', '1376152073940574209', 1);
INSERT INTO `behavior_similarity` VALUES ('1376544180907843585', '1349290158897311745', 0.3102526139970115);
INSERT INTO `behavior_similarity` VALUES ('1376544180907843585', '1376153606346301441', 1);
INSERT INTO `behavior_similarity` VALUES ('1376544180907843585', '1380902443216551937', 1);
INSERT INTO `behavior_similarity` VALUES ('1376544180907843585', '1381155797993840642', 1);
INSERT INTO `behavior_similarity` VALUES ('1381150125138960385', '1376152073940574209', 1.0000000000000002);
INSERT INTO `behavior_similarity` VALUES ('1381150125138960385', '1349290158897311745', 0.4033874289792733);
INSERT INTO `behavior_similarity` VALUES ('1381150125138960385', '1376153606346301441', 1);
INSERT INTO `behavior_similarity` VALUES ('1381150125138960385', '1380902443216551937', 1.0000000000000002);
INSERT INTO `behavior_similarity` VALUES ('1381150125138960385', '1381155797993840642', 1);
INSERT INTO `behavior_similarity` VALUES ('1376152073940574209', '1349290158897311745', 0.3102526139970115);
INSERT INTO `behavior_similarity` VALUES ('1376152073940574209', '1376153606346301441', 1);
INSERT INTO `behavior_similarity` VALUES ('1376152073940574209', '1380902443216551937', 1);
INSERT INTO `behavior_similarity` VALUES ('1376152073940574209', '1381155797993840642', 1);
INSERT INTO `behavior_similarity` VALUES ('1349290158897311745', '1376153606346301441', 0.3102526139970115);
INSERT INTO `behavior_similarity` VALUES ('1349290158897311745', '1380902443216551937', 0.3102526139970115);
INSERT INTO `behavior_similarity` VALUES ('1349290158897311745', '1381155797993840642', 0.3102526139970115);
INSERT INTO `behavior_similarity` VALUES ('1376153606346301441', '1380902443216551937', 1.0000000000000002);
INSERT INTO `behavior_similarity` VALUES ('1376153606346301441', '1381155797993840642', 1);
INSERT INTO `behavior_similarity` VALUES ('1380902443216551937', '1381155797993840642', 1);
INSERT INTO `behavior_similarity` VALUES ('1349618748226658305', '1380897684120219650', 1);
INSERT INTO `behavior_similarity` VALUES ('1349618748226658305', '1376875674339721218', 1);
INSERT INTO `behavior_similarity` VALUES ('1349618748226658305', '1376544180907843585', 1);
INSERT INTO `behavior_similarity` VALUES ('1349618748226658305', '1381150125138960385', 1);
INSERT INTO `behavior_similarity` VALUES ('1349618748226658305', '1376152073940574209', 1);
INSERT INTO `behavior_similarity` VALUES ('1349618748226658305', '1349290158897311745', 0.3102526139970115);
INSERT INTO `behavior_similarity` VALUES ('1349618748226658305', '1376153606346301441', 1);
INSERT INTO `behavior_similarity` VALUES ('1349618748226658305', '1380902443216551937', 1);
INSERT INTO `behavior_similarity` VALUES ('1349618748226658305', '1381155797993840642', 1);
INSERT INTO `behavior_similarity` VALUES ('1380897684120219650', '1376875674339721218', 1);
INSERT INTO `behavior_similarity` VALUES ('1380897684120219650', '1376544180907843585', 1.0000000000000002);
INSERT INTO `behavior_similarity` VALUES ('1380897684120219650', '1381150125138960385', 1);
INSERT INTO `behavior_similarity` VALUES ('1380897684120219650', '1376152073940574209', 1.0000000000000002);
INSERT INTO `behavior_similarity` VALUES ('1380897684120219650', '1349290158897311745', 0.4033874289792733);
INSERT INTO `behavior_similarity` VALUES ('1380897684120219650', '1376153606346301441', 1);
INSERT INTO `behavior_similarity` VALUES ('1380897684120219650', '1380902443216551937', 1.0000000000000002);
INSERT INTO `behavior_similarity` VALUES ('1380897684120219650', '1381155797993840642', 1);
INSERT INTO `behavior_similarity` VALUES ('1376875674339721218', '1376544180907843585', 1.0000000000000002);
INSERT INTO `behavior_similarity` VALUES ('1376875674339721218', '1381150125138960385', 1);
INSERT INTO `behavior_similarity` VALUES ('1376875674339721218', '1376152073940574209', 1.0000000000000002);
INSERT INTO `behavior_similarity` VALUES ('1376875674339721218', '1349290158897311745', 0.5789860240280302);
INSERT INTO `behavior_similarity` VALUES ('1376875674339721218', '1376153606346301441', 1);
INSERT INTO `behavior_similarity` VALUES ('1376875674339721218', '1380902443216551937', 1.0000000000000002);
INSERT INTO `behavior_similarity` VALUES ('1376875674339721218', '1381155797993840642', 1);
INSERT INTO `behavior_similarity` VALUES ('1376544180907843585', '1381150125138960385', 1);
INSERT INTO `behavior_similarity` VALUES ('1376544180907843585', '1376152073940574209', 1);
INSERT INTO `behavior_similarity` VALUES ('1376544180907843585', '1349290158897311745', 0.3102526139970115);
INSERT INTO `behavior_similarity` VALUES ('1376544180907843585', '1376153606346301441', 1);
INSERT INTO `behavior_similarity` VALUES ('1376544180907843585', '1380902443216551937', 1);
INSERT INTO `behavior_similarity` VALUES ('1376544180907843585', '1381155797993840642', 1);
INSERT INTO `behavior_similarity` VALUES ('1381150125138960385', '1376152073940574209', 1.0000000000000002);
INSERT INTO `behavior_similarity` VALUES ('1381150125138960385', '1349290158897311745', 0.4033874289792733);
INSERT INTO `behavior_similarity` VALUES ('1381150125138960385', '1376153606346301441', 1);
INSERT INTO `behavior_similarity` VALUES ('1381150125138960385', '1380902443216551937', 1.0000000000000002);
INSERT INTO `behavior_similarity` VALUES ('1381150125138960385', '1381155797993840642', 1);
INSERT INTO `behavior_similarity` VALUES ('1376152073940574209', '1349290158897311745', 0.3102526139970115);
INSERT INTO `behavior_similarity` VALUES ('1376152073940574209', '1376153606346301441', 1);
INSERT INTO `behavior_similarity` VALUES ('1376152073940574209', '1380902443216551937', 1);
INSERT INTO `behavior_similarity` VALUES ('1376152073940574209', '1381155797993840642', 1);
INSERT INTO `behavior_similarity` VALUES ('1349290158897311745', '1376153606346301441', 0.3102526139970115);
INSERT INTO `behavior_similarity` VALUES ('1349290158897311745', '1380902443216551937', 0.3102526139970115);
INSERT INTO `behavior_similarity` VALUES ('1349290158897311745', '1381155797993840642', 0.3102526139970115);
INSERT INTO `behavior_similarity` VALUES ('1376153606346301441', '1380902443216551937', 1.0000000000000002);
INSERT INTO `behavior_similarity` VALUES ('1376153606346301441', '1381155797993840642', 1);
INSERT INTO `behavior_similarity` VALUES ('1380902443216551937', '1381155797993840642', 1);
INSERT INTO `behavior_similarity` VALUES ('1349618748226658305', '1349290158897311745', 0.3102526139970115);
INSERT INTO `behavior_similarity` VALUES ('1380897684120219650', '1349290158897311745', 0.4033874289792733);
INSERT INTO `behavior_similarity` VALUES ('1376875674339721218', '1349290158897311745', 0.5789860240280302);
INSERT INTO `behavior_similarity` VALUES ('1376544180907843585', '1349290158897311745', 0.3102526139970115);
INSERT INTO `behavior_similarity` VALUES ('1381150125138960385', '1349290158897311745', 0.4033874289792733);
INSERT INTO `behavior_similarity` VALUES ('1376152073940574209', '1349290158897311745', 0.3102526139970115);
INSERT INTO `behavior_similarity` VALUES ('1349290158897311745', '1376153606346301441', 0.3102526139970115);
INSERT INTO `behavior_similarity` VALUES ('1349290158897311745', '1380902443216551937', 0.3102526139970115);
INSERT INTO `behavior_similarity` VALUES ('1349290158897311745', '1381155797993840642', 0.3102526139970115);
INSERT INTO `behavior_similarity` VALUES ('1349618748226658305', '1397163373959307265', 1);
INSERT INTO `behavior_similarity` VALUES ('1349618748226658305', '1376875674339721218', 1);
INSERT INTO `behavior_similarity` VALUES ('1349618748226658305', '1376152073940574209', 1);
INSERT INTO `behavior_similarity` VALUES ('1349618748226658305', '1349290158897311745', 0.3102526139970115);
INSERT INTO `behavior_similarity` VALUES ('1380897684120219650', '1397163373959307265', 1);
INSERT INTO `behavior_similarity` VALUES ('1380897684120219650', '1376875674339721218', 1);
INSERT INTO `behavior_similarity` VALUES ('1380897684120219650', '1376152073940574209', 1.0000000000000002);
INSERT INTO `behavior_similarity` VALUES ('1380897684120219650', '1349290158897311745', 0.4033874289792733);
INSERT INTO `behavior_similarity` VALUES ('1397163373959307265', '1376875674339721218', 1);
INSERT INTO `behavior_similarity` VALUES ('1397163373959307265', '1376544180907843585', 1.0000000000000002);
INSERT INTO `behavior_similarity` VALUES ('1397163373959307265', '1381150125138960385', 1);
INSERT INTO `behavior_similarity` VALUES ('1397163373959307265', '1376152073940574209', 1.0000000000000002);
INSERT INTO `behavior_similarity` VALUES ('1397163373959307265', '1349290158897311745', 0.1898400275507143);
INSERT INTO `behavior_similarity` VALUES ('1397163373959307265', '1376153606346301441', 1);
INSERT INTO `behavior_similarity` VALUES ('1397163373959307265', '1380902443216551937', 1.0000000000000002);
INSERT INTO `behavior_similarity` VALUES ('1397163373959307265', '1381155797993840642', 1);
INSERT INTO `behavior_similarity` VALUES ('1376875674339721218', '1376544180907843585', 1.0000000000000002);
INSERT INTO `behavior_similarity` VALUES ('1376875674339721218', '1381150125138960385', 1);
INSERT INTO `behavior_similarity` VALUES ('1376875674339721218', '1376152073940574209', 1.0000000000000002);
INSERT INTO `behavior_similarity` VALUES ('1376875674339721218', '1349290158897311745', 0.5789860240280302);
INSERT INTO `behavior_similarity` VALUES ('1376875674339721218', '1376153606346301441', 1);
INSERT INTO `behavior_similarity` VALUES ('1376875674339721218', '1380902443216551937', 1.0000000000000002);
INSERT INTO `behavior_similarity` VALUES ('1376875674339721218', '1381155797993840642', 1);
INSERT INTO `behavior_similarity` VALUES ('1376544180907843585', '1376152073940574209', 1);
INSERT INTO `behavior_similarity` VALUES ('1376544180907843585', '1349290158897311745', 0.3102526139970115);
INSERT INTO `behavior_similarity` VALUES ('1381150125138960385', '1376152073940574209', 1.0000000000000002);
INSERT INTO `behavior_similarity` VALUES ('1381150125138960385', '1349290158897311745', 0.4033874289792733);
INSERT INTO `behavior_similarity` VALUES ('1376152073940574209', '1349290158897311745', 0.3102526139970115);
INSERT INTO `behavior_similarity` VALUES ('1376152073940574209', '1376153606346301441', 1);
INSERT INTO `behavior_similarity` VALUES ('1376152073940574209', '1380902443216551937', 1);
INSERT INTO `behavior_similarity` VALUES ('1376152073940574209', '1381155797993840642', 1);
INSERT INTO `behavior_similarity` VALUES ('1349290158897311745', '1376153606346301441', 0.3102526139970115);
INSERT INTO `behavior_similarity` VALUES ('1349290158897311745', '1380902443216551937', 0.3102526139970115);
INSERT INTO `behavior_similarity` VALUES ('1349290158897311745', '1381155797993840642', 0.3102526139970115);
INSERT INTO `behavior_similarity` VALUES ('1349618748226658305', '1397163373959307265', 1);
INSERT INTO `behavior_similarity` VALUES ('1380897684120219650', '1397163373959307265', 1);
INSERT INTO `behavior_similarity` VALUES ('1397163373959307265', '1376875674339721218', 1);
INSERT INTO `behavior_similarity` VALUES ('1397163373959307265', '1376544180907843585', 1.0000000000000002);
INSERT INTO `behavior_similarity` VALUES ('1397163373959307265', '1381150125138960385', 1);
INSERT INTO `behavior_similarity` VALUES ('1397163373959307265', '1376152073940574209', 1.0000000000000002);
INSERT INTO `behavior_similarity` VALUES ('1397163373959307265', '1349290158897311745', 0.22963130087961026);
INSERT INTO `behavior_similarity` VALUES ('1397163373959307265', '1376153606346301441', 1);
INSERT INTO `behavior_similarity` VALUES ('1397163373959307265', '1380902443216551937', 1.0000000000000002);
INSERT INTO `behavior_similarity` VALUES ('1397163373959307265', '1381155797993840642', 1);
INSERT INTO `behavior_similarity` VALUES ('1349618748226658305', '1397163373959307265', 1);
INSERT INTO `behavior_similarity` VALUES ('1380897684120219650', '1397163373959307265', 1);
INSERT INTO `behavior_similarity` VALUES ('1397163373959307265', '1376875674339721218', 1);
INSERT INTO `behavior_similarity` VALUES ('1397163373959307265', '1376544180907843585', 1.0000000000000002);
INSERT INTO `behavior_similarity` VALUES ('1397163373959307265', '1381150125138960385', 1);
INSERT INTO `behavior_similarity` VALUES ('1397163373959307265', '1376152073940574209', 1.0000000000000002);
INSERT INTO `behavior_similarity` VALUES ('1397163373959307265', '1349290158897311745', 0.28636360003326095);
INSERT INTO `behavior_similarity` VALUES ('1397163373959307265', '1376153606346301441', 1);
INSERT INTO `behavior_similarity` VALUES ('1397163373959307265', '1380902443216551937', 1.0000000000000002);
INSERT INTO `behavior_similarity` VALUES ('1397163373959307265', '1381155797993840642', 1);
INSERT INTO `behavior_similarity` VALUES ('1349618748226658305', '1397163373959307265', 1);
INSERT INTO `behavior_similarity` VALUES ('1349618748226658305', '1376875674339721218', 1);
INSERT INTO `behavior_similarity` VALUES ('1349618748226658305', '1376152073940574209', 1);
INSERT INTO `behavior_similarity` VALUES ('1349618748226658305', '1349290158897311745', 0.3102526139970115);
INSERT INTO `behavior_similarity` VALUES ('1380897684120219650', '1397163373959307265', 1);
INSERT INTO `behavior_similarity` VALUES ('1380897684120219650', '1376875674339721218', 1);
INSERT INTO `behavior_similarity` VALUES ('1380897684120219650', '1376152073940574209', 1.0000000000000002);
INSERT INTO `behavior_similarity` VALUES ('1380897684120219650', '1349290158897311745', 0.888217643155949);
INSERT INTO `behavior_similarity` VALUES ('1397163373959307265', '1376875674339721218', 1);
INSERT INTO `behavior_similarity` VALUES ('1397163373959307265', '1376544180907843585', 1.0000000000000002);
INSERT INTO `behavior_similarity` VALUES ('1397163373959307265', '1381150125138960385', 1);
INSERT INTO `behavior_similarity` VALUES ('1397163373959307265', '1376152073940574209', 1.0000000000000002);
INSERT INTO `behavior_similarity` VALUES ('1397163373959307265', '1349290158897311745', 0.888217643155949);
INSERT INTO `behavior_similarity` VALUES ('1397163373959307265', '1376153606346301441', 1);
INSERT INTO `behavior_similarity` VALUES ('1397163373959307265', '1380902443216551937', 1.0000000000000002);
INSERT INTO `behavior_similarity` VALUES ('1397163373959307265', '1381155797993840642', 1);
INSERT INTO `behavior_similarity` VALUES ('1376875674339721218', '1376544180907843585', 1.0000000000000002);
INSERT INTO `behavior_similarity` VALUES ('1376875674339721218', '1381150125138960385', 1);
INSERT INTO `behavior_similarity` VALUES ('1376875674339721218', '1376152073940574209', 1.0000000000000002);
INSERT INTO `behavior_similarity` VALUES ('1376875674339721218', '1349290158897311745', 0.888217643155949);
INSERT INTO `behavior_similarity` VALUES ('1376875674339721218', '1376153606346301441', 1);
INSERT INTO `behavior_similarity` VALUES ('1376875674339721218', '1380902443216551937', 1.0000000000000002);
INSERT INTO `behavior_similarity` VALUES ('1376875674339721218', '1381155797993840642', 1);
INSERT INTO `behavior_similarity` VALUES ('1376544180907843585', '1376152073940574209', 1);
INSERT INTO `behavior_similarity` VALUES ('1376544180907843585', '1349290158897311745', 0.3102526139970115);
INSERT INTO `behavior_similarity` VALUES ('1381150125138960385', '1376152073940574209', 1.0000000000000002);
INSERT INTO `behavior_similarity` VALUES ('1381150125138960385', '1349290158897311745', 0.888217643155949);
INSERT INTO `behavior_similarity` VALUES ('1376152073940574209', '1349290158897311745', 0.3102526139970115);
INSERT INTO `behavior_similarity` VALUES ('1376152073940574209', '1376153606346301441', 1);
INSERT INTO `behavior_similarity` VALUES ('1376152073940574209', '1380902443216551937', 1);
INSERT INTO `behavior_similarity` VALUES ('1376152073940574209', '1381155797993840642', 1);
INSERT INTO `behavior_similarity` VALUES ('1349290158897311745', '1376153606346301441', 0.3102526139970115);
INSERT INTO `behavior_similarity` VALUES ('1349290158897311745', '1380902443216551937', 0.3102526139970115);
INSERT INTO `behavior_similarity` VALUES ('1349290158897311745', '1381155797993840642', 0.3102526139970115);
INSERT INTO `behavior_similarity` VALUES ('1349618748226658305', '1349290158897311745', 0.3102526139970115);
INSERT INTO `behavior_similarity` VALUES ('1380897684120219650', '1349290158897311745', 0.40306804876786767);
INSERT INTO `behavior_similarity` VALUES ('1397163373959307265', '1349290158897311745', 0.40306804876786767);
INSERT INTO `behavior_similarity` VALUES ('1376875674339721218', '1349290158897311745', 0.40306804876786767);
INSERT INTO `behavior_similarity` VALUES ('1376544180907843585', '1349290158897311745', 0.3102526139970115);
INSERT INTO `behavior_similarity` VALUES ('1381150125138960385', '1349290158897311745', 0.40306804876786767);
INSERT INTO `behavior_similarity` VALUES ('1376152073940574209', '1349290158897311745', 0.3102526139970115);
INSERT INTO `behavior_similarity` VALUES ('1349290158897311745', '1376153606346301441', 0.3102526139970115);
INSERT INTO `behavior_similarity` VALUES ('1349290158897311745', '1380902443216551937', 0.3102526139970115);
INSERT INTO `behavior_similarity` VALUES ('1349290158897311745', '1381155797993840642', 0.3102526139970115);
INSERT INTO `behavior_similarity` VALUES ('1349618748226658305', '1349290158897311745', 0.3102526139970115);
INSERT INTO `behavior_similarity` VALUES ('1380897684120219650', '1349290158897311745', 0.43890743257132603);
INSERT INTO `behavior_similarity` VALUES ('1397163373959307265', '1349290158897311745', 0.43890743257132603);
INSERT INTO `behavior_similarity` VALUES ('1376875674339721218', '1349290158897311745', 0.43890743257132603);
INSERT INTO `behavior_similarity` VALUES ('1376544180907843585', '1349290158897311745', 0.3102526139970115);
INSERT INTO `behavior_similarity` VALUES ('1381150125138960385', '1349290158897311745', 0.43890743257132603);
INSERT INTO `behavior_similarity` VALUES ('1376152073940574209', '1349290158897311745', 0.3102526139970115);
INSERT INTO `behavior_similarity` VALUES ('1349290158897311745', '1376153606346301441', 0.3102526139970115);
INSERT INTO `behavior_similarity` VALUES ('1349290158897311745', '1380902443216551937', 0.3102526139970115);
INSERT INTO `behavior_similarity` VALUES ('1349290158897311745', '1381155797993840642', 0.3102526139970115);
INSERT INTO `behavior_similarity` VALUES ('1349618748226658305', '1349290158897311745', 0.3102526139970115);
INSERT INTO `behavior_similarity` VALUES ('1380897684120219650', '1349290158897311745', 0.3284378261219557);
INSERT INTO `behavior_similarity` VALUES ('1397163373959307265', '1349290158897311745', 0.3284378261219557);
INSERT INTO `behavior_similarity` VALUES ('1376875674339721218', '1349290158897311745', 0.3284378261219557);
INSERT INTO `behavior_similarity` VALUES ('1376544180907843585', '1349290158897311745', 0.3102526139970115);
INSERT INTO `behavior_similarity` VALUES ('1381150125138960385', '1349290158897311745', 0.3284378261219557);
INSERT INTO `behavior_similarity` VALUES ('1376152073940574209', '1349290158897311745', 0.3102526139970115);
INSERT INTO `behavior_similarity` VALUES ('1349290158897311745', '1376153606346301441', 0.3102526139970115);
INSERT INTO `behavior_similarity` VALUES ('1349290158897311745', '1380902443216551937', 0.3102526139970115);
INSERT INTO `behavior_similarity` VALUES ('1349290158897311745', '1381155797993840642', 0.3102526139970115);
INSERT INTO `behavior_similarity` VALUES ('1349618748226658305', '1380897684120219650', 1);
INSERT INTO `behavior_similarity` VALUES ('1349618748226658305', '1397163373959307265', 1);
INSERT INTO `behavior_similarity` VALUES ('1349618748226658305', '1376875674339721218', 1);
INSERT INTO `behavior_similarity` VALUES ('1349618748226658305', '1376544180907843585', 1);
INSERT INTO `behavior_similarity` VALUES ('1349618748226658305', '1381150125138960385', 1);
INSERT INTO `behavior_similarity` VALUES ('1349618748226658305', '1376152073940574209', 1);
INSERT INTO `behavior_similarity` VALUES ('1349618748226658305', '1349290158897311745', 0.3102526139970115);
INSERT INTO `behavior_similarity` VALUES ('1349618748226658305', '1376153606346301441', 1);
INSERT INTO `behavior_similarity` VALUES ('1349618748226658305', '1380902443216551937', 1);
INSERT INTO `behavior_similarity` VALUES ('1349618748226658305', '1381155797993840642', 1);
INSERT INTO `behavior_similarity` VALUES ('1380897684120219650', '1397163373959307265', 1);
INSERT INTO `behavior_similarity` VALUES ('1380897684120219650', '1376875674339721218', 1);
INSERT INTO `behavior_similarity` VALUES ('1380897684120219650', '1376544180907843585', 1);
INSERT INTO `behavior_similarity` VALUES ('1380897684120219650', '1381150125138960385', 1);
INSERT INTO `behavior_similarity` VALUES ('1380897684120219650', '1376152073940574209', 1);
INSERT INTO `behavior_similarity` VALUES ('1380897684120219650', '1349290158897311745', 0.5181998804999512);
INSERT INTO `behavior_similarity` VALUES ('1380897684120219650', '1376153606346301441', 1);
INSERT INTO `behavior_similarity` VALUES ('1380897684120219650', '1380902443216551937', 1);
INSERT INTO `behavior_similarity` VALUES ('1380897684120219650', '1381155797993840642', 1);
INSERT INTO `behavior_similarity` VALUES ('1397163373959307265', '1376875674339721218', 1);
INSERT INTO `behavior_similarity` VALUES ('1397163373959307265', '1376544180907843585', 0.41855982003045744);
INSERT INTO `behavior_similarity` VALUES ('1397163373959307265', '1381150125138960385', 1);
INSERT INTO `behavior_similarity` VALUES ('1397163373959307265', '1376152073940574209', 0.41855982003045744);
INSERT INTO `behavior_similarity` VALUES ('1397163373959307265', '1349290158897311745', 0.15873797608294984);
INSERT INTO `behavior_similarity` VALUES ('1397163373959307265', '1376153606346301441', 1);
INSERT INTO `behavior_similarity` VALUES ('1397163373959307265', '1380902443216551937', 0.41855982003045744);
INSERT INTO `behavior_similarity` VALUES ('1397163373959307265', '1381155797993840642', 1);
INSERT INTO `behavior_similarity` VALUES ('1376875674339721218', '1376544180907843585', 1);
INSERT INTO `behavior_similarity` VALUES ('1376875674339721218', '1381150125138960385', 1);
INSERT INTO `behavior_similarity` VALUES ('1376875674339721218', '1376152073940574209', 1);
INSERT INTO `behavior_similarity` VALUES ('1376875674339721218', '1349290158897311745', 0.5181998804999512);
INSERT INTO `behavior_similarity` VALUES ('1376875674339721218', '1376153606346301441', 1);
INSERT INTO `behavior_similarity` VALUES ('1376875674339721218', '1380902443216551937', 1);
INSERT INTO `behavior_similarity` VALUES ('1376875674339721218', '1381155797993840642', 1);
INSERT INTO `behavior_similarity` VALUES ('1376544180907843585', '1381150125138960385', 1);
INSERT INTO `behavior_similarity` VALUES ('1376544180907843585', '1376152073940574209', 1);
INSERT INTO `behavior_similarity` VALUES ('1376544180907843585', '1349290158897311745', 0.3102526139970115);
INSERT INTO `behavior_similarity` VALUES ('1376544180907843585', '1376153606346301441', 1);
INSERT INTO `behavior_similarity` VALUES ('1376544180907843585', '1380902443216551937', 1);
INSERT INTO `behavior_similarity` VALUES ('1376544180907843585', '1381155797993840642', 1);
INSERT INTO `behavior_similarity` VALUES ('1381150125138960385', '1376152073940574209', 1);
INSERT INTO `behavior_similarity` VALUES ('1381150125138960385', '1349290158897311745', 0.5181998804999512);
INSERT INTO `behavior_similarity` VALUES ('1381150125138960385', '1376153606346301441', 1);
INSERT INTO `behavior_similarity` VALUES ('1381150125138960385', '1380902443216551937', 1);
INSERT INTO `behavior_similarity` VALUES ('1381150125138960385', '1381155797993840642', 1);
INSERT INTO `behavior_similarity` VALUES ('1376152073940574209', '1349290158897311745', 0.3102526139970115);
INSERT INTO `behavior_similarity` VALUES ('1376152073940574209', '1376153606346301441', 1);
INSERT INTO `behavior_similarity` VALUES ('1376152073940574209', '1380902443216551937', 1);
INSERT INTO `behavior_similarity` VALUES ('1376152073940574209', '1381155797993840642', 1);
INSERT INTO `behavior_similarity` VALUES ('1349290158897311745', '1376153606346301441', 0.3102526139970115);
INSERT INTO `behavior_similarity` VALUES ('1349290158897311745', '1380902443216551937', 0.3102526139970115);
INSERT INTO `behavior_similarity` VALUES ('1349290158897311745', '1381155797993840642', 0.3102526139970115);
INSERT INTO `behavior_similarity` VALUES ('1376153606346301441', '1380902443216551937', 1);
INSERT INTO `behavior_similarity` VALUES ('1376153606346301441', '1381155797993840642', 1);
INSERT INTO `behavior_similarity` VALUES ('1380902443216551937', '1381155797993840642', 1);
INSERT INTO `behavior_similarity` VALUES ('1349618748226658305', '1380897684120219650', 1);
INSERT INTO `behavior_similarity` VALUES ('1349618748226658305', '1397163373959307265', 1);
INSERT INTO `behavior_similarity` VALUES ('1349618748226658305', '1376875674339721218', 1);
INSERT INTO `behavior_similarity` VALUES ('1349618748226658305', '1376544180907843585', 1);
INSERT INTO `behavior_similarity` VALUES ('1349618748226658305', '1381150125138960385', 1);
INSERT INTO `behavior_similarity` VALUES ('1349618748226658305', '1376152073940574209', 1);
INSERT INTO `behavior_similarity` VALUES ('1349618748226658305', '1349290158897311745', 0.3102526139970115);
INSERT INTO `behavior_similarity` VALUES ('1349618748226658305', '1376153606346301441', 1);
INSERT INTO `behavior_similarity` VALUES ('1349618748226658305', '1380902443216551937', 1);
INSERT INTO `behavior_similarity` VALUES ('1349618748226658305', '1381155797993840642', 1);
INSERT INTO `behavior_similarity` VALUES ('1380897684120219650', '1397163373959307265', 1);
INSERT INTO `behavior_similarity` VALUES ('1380897684120219650', '1376875674339721218', 1);
INSERT INTO `behavior_similarity` VALUES ('1380897684120219650', '1376544180907843585', 0.9999999999999999);
INSERT INTO `behavior_similarity` VALUES ('1380897684120219650', '1381150125138960385', 1);
INSERT INTO `behavior_similarity` VALUES ('1380897684120219650', '1376152073940574209', 0.9999999999999999);
INSERT INTO `behavior_similarity` VALUES ('1380897684120219650', '1349290158897311745', 0.5154823466322014);
INSERT INTO `behavior_similarity` VALUES ('1380897684120219650', '1376153606346301441', 1);
INSERT INTO `behavior_similarity` VALUES ('1380897684120219650', '1380902443216551937', 0.9999999999999999);
INSERT INTO `behavior_similarity` VALUES ('1380897684120219650', '1381155797993840642', 1);
INSERT INTO `behavior_similarity` VALUES ('1397163373959307265', '1376875674339721218', 1);
INSERT INTO `behavior_similarity` VALUES ('1397163373959307265', '1376544180907843585', 0.3869734020753938);
INSERT INTO `behavior_similarity` VALUES ('1397163373959307265', '1381150125138960385', 1);
INSERT INTO `behavior_similarity` VALUES ('1397163373959307265', '1376152073940574209', 0.3869734020753938);
INSERT INTO `behavior_similarity` VALUES ('1397163373959307265', '1349290158897311745', 0.12239699357509067);
INSERT INTO `behavior_similarity` VALUES ('1397163373959307265', '1376153606346301441', 1);
INSERT INTO `behavior_similarity` VALUES ('1397163373959307265', '1380902443216551937', 0.3869734020753938);
INSERT INTO `behavior_similarity` VALUES ('1397163373959307265', '1381155797993840642', 1);
INSERT INTO `behavior_similarity` VALUES ('1376875674339721218', '1376544180907843585', 0.9999999999999999);
INSERT INTO `behavior_similarity` VALUES ('1376875674339721218', '1381150125138960385', 1);
INSERT INTO `behavior_similarity` VALUES ('1376875674339721218', '1376152073940574209', 0.9999999999999999);
INSERT INTO `behavior_similarity` VALUES ('1376875674339721218', '1349290158897311745', 0.5154823466322014);
INSERT INTO `behavior_similarity` VALUES ('1376875674339721218', '1376153606346301441', 1);
INSERT INTO `behavior_similarity` VALUES ('1376875674339721218', '1380902443216551937', 0.9999999999999999);
INSERT INTO `behavior_similarity` VALUES ('1376875674339721218', '1381155797993840642', 1);
INSERT INTO `behavior_similarity` VALUES ('1376544180907843585', '1381150125138960385', 1);
INSERT INTO `behavior_similarity` VALUES ('1376544180907843585', '1376152073940574209', 1);
INSERT INTO `behavior_similarity` VALUES ('1376544180907843585', '1349290158897311745', 0.3102526139970115);
INSERT INTO `behavior_similarity` VALUES ('1376544180907843585', '1376153606346301441', 1);
INSERT INTO `behavior_similarity` VALUES ('1376544180907843585', '1380902443216551937', 1);
INSERT INTO `behavior_similarity` VALUES ('1376544180907843585', '1381155797993840642', 1);
INSERT INTO `behavior_similarity` VALUES ('1381150125138960385', '1376152073940574209', 0.9999999999999999);
INSERT INTO `behavior_similarity` VALUES ('1381150125138960385', '1349290158897311745', 0.5154823466322014);
INSERT INTO `behavior_similarity` VALUES ('1381150125138960385', '1376153606346301441', 1);
INSERT INTO `behavior_similarity` VALUES ('1381150125138960385', '1380902443216551937', 0.9999999999999999);
INSERT INTO `behavior_similarity` VALUES ('1381150125138960385', '1381155797993840642', 1);
INSERT INTO `behavior_similarity` VALUES ('1376152073940574209', '1349290158897311745', 0.3102526139970115);
INSERT INTO `behavior_similarity` VALUES ('1376152073940574209', '1376153606346301441', 1);
INSERT INTO `behavior_similarity` VALUES ('1376152073940574209', '1380902443216551937', 1);
INSERT INTO `behavior_similarity` VALUES ('1376152073940574209', '1381155797993840642', 1);
INSERT INTO `behavior_similarity` VALUES ('1349290158897311745', '1376153606346301441', 0.3102526139970115);
INSERT INTO `behavior_similarity` VALUES ('1349290158897311745', '1380902443216551937', 0.3102526139970115);
INSERT INTO `behavior_similarity` VALUES ('1349290158897311745', '1381155797993840642', 0.3102526139970115);
INSERT INTO `behavior_similarity` VALUES ('1376153606346301441', '1380902443216551937', 0.9999999999999999);
INSERT INTO `behavior_similarity` VALUES ('1376153606346301441', '1381155797993840642', 1);
INSERT INTO `behavior_similarity` VALUES ('1380902443216551937', '1381155797993840642', 1);
INSERT INTO `behavior_similarity` VALUES ('1349618748226658305', '1349290158897311745', 0.3102526139970115);
INSERT INTO `behavior_similarity` VALUES ('1349618748226658305', '1397163373959307265', 1);
INSERT INTO `behavior_similarity` VALUES ('1349618748226658305', '1349290158897311745', 0.3102526139970115);
INSERT INTO `behavior_similarity` VALUES ('1349618748226658305', '1376544180907843585', 1);
INSERT INTO `behavior_similarity` VALUES ('1349618748226658305', '1376152073940574209', 1);
INSERT INTO `behavior_similarity` VALUES ('1349618748226658305', '1349290158897311745', 0.3102526139970115);
INSERT INTO `behavior_similarity` VALUES ('1349618748226658305', '1380902443216551937', 1);
INSERT INTO `behavior_similarity` VALUES ('1349618748226658305', '1380897684120219650', 1);
INSERT INTO `behavior_similarity` VALUES ('1349618748226658305', '1397163373959307265', 1);
INSERT INTO `behavior_similarity` VALUES ('1349618748226658305', '1376875674339721218', 1);
INSERT INTO `behavior_similarity` VALUES ('1349618748226658305', '1381150125138960385', 1);
INSERT INTO `behavior_similarity` VALUES ('1349618748226658305', '1397395769556086786', 1);
INSERT INTO `behavior_similarity` VALUES ('1376544180907843585', '1349290158897311745', 0.3102526139970115);
INSERT INTO `behavior_similarity` VALUES ('1376544180907843585', '1380897684120219650', 1);
INSERT INTO `behavior_similarity` VALUES ('1376544180907843585', '1397163373959307265', 1);
INSERT INTO `behavior_similarity` VALUES ('1376544180907843585', '1376875674339721218', 1);
INSERT INTO `behavior_similarity` VALUES ('1376544180907843585', '1397395769556086786', 1);
INSERT INTO `behavior_similarity` VALUES ('1376152073940574209', '1349290158897311745', 0.3102526139970115);
INSERT INTO `behavior_similarity` VALUES ('1376152073940574209', '1380897684120219650', 1);
INSERT INTO `behavior_similarity` VALUES ('1376152073940574209', '1397163373959307265', 1);
INSERT INTO `behavior_similarity` VALUES ('1376152073940574209', '1376875674339721218', 1);
INSERT INTO `behavior_similarity` VALUES ('1376152073940574209', '1381150125138960385', 1);
INSERT INTO `behavior_similarity` VALUES ('1376152073940574209', '1397395769556086786', 1);
INSERT INTO `behavior_similarity` VALUES ('1349290158897311745', '1380902443216551937', 0.3102526139970115);
INSERT INTO `behavior_similarity` VALUES ('1349290158897311745', '1380897684120219650', 0.3102526139970115);
INSERT INTO `behavior_similarity` VALUES ('1349290158897311745', '1397163373959307265', 0.3102526139970115);
INSERT INTO `behavior_similarity` VALUES ('1349290158897311745', '1376875674339721218', 0.3102526139970115);
INSERT INTO `behavior_similarity` VALUES ('1349290158897311745', '1381150125138960385', 0.3102526139970115);
INSERT INTO `behavior_similarity` VALUES ('1349290158897311745', '1397395769556086786', 0.3102526139970115);
INSERT INTO `behavior_similarity` VALUES ('1349290158897311745', '1376153606346301441', 0.3102526139970115);
INSERT INTO `behavior_similarity` VALUES ('1349290158897311745', '1381155797993840642', 0.3102526139970115);
INSERT INTO `behavior_similarity` VALUES ('1380902443216551937', '1380897684120219650', 1);
INSERT INTO `behavior_similarity` VALUES ('1380902443216551937', '1397163373959307265', 1);
INSERT INTO `behavior_similarity` VALUES ('1380902443216551937', '1376875674339721218', 1);
INSERT INTO `behavior_similarity` VALUES ('1380902443216551937', '1381150125138960385', 1);
INSERT INTO `behavior_similarity` VALUES ('1380902443216551937', '1397395769556086786', 1);
INSERT INTO `behavior_similarity` VALUES ('1380902443216551937', '1376153606346301441', 1);
INSERT INTO `behavior_similarity` VALUES ('1380897684120219650', '1397163373959307265', 1);
INSERT INTO `behavior_similarity` VALUES ('1380897684120219650', '1397395769556086786', 1);
INSERT INTO `behavior_similarity` VALUES ('1397163373959307265', '1376875674339721218', 1);
INSERT INTO `behavior_similarity` VALUES ('1397163373959307265', '1381150125138960385', 1);
INSERT INTO `behavior_similarity` VALUES ('1397163373959307265', '1397395769556086786', 1);
INSERT INTO `behavior_similarity` VALUES ('1397163373959307265', '1376153606346301441', 1);
INSERT INTO `behavior_similarity` VALUES ('1397163373959307265', '1381155797993840642', 1);
INSERT INTO `behavior_similarity` VALUES ('1376875674339721218', '1397395769556086786', 1);
INSERT INTO `behavior_similarity` VALUES ('1381150125138960385', '1397395769556086786', 1);
INSERT INTO `behavior_similarity` VALUES ('1397395769556086786', '1376153606346301441', 1);
INSERT INTO `behavior_similarity` VALUES ('1397395769556086786', '1381155797993840642', 1);
INSERT INTO `behavior_similarity` VALUES ('1349618748226658305', '1376544180907843585', 1);
INSERT INTO `behavior_similarity` VALUES ('1349618748226658305', '1376152073940574209', 1);
INSERT INTO `behavior_similarity` VALUES ('1349618748226658305', '1349290158897311745', 0.3102526139970115);
INSERT INTO `behavior_similarity` VALUES ('1349618748226658305', '1380902443216551937', 1);
INSERT INTO `behavior_similarity` VALUES ('1349618748226658305', '1380897684120219650', 1);
INSERT INTO `behavior_similarity` VALUES ('1349618748226658305', '1397163373959307265', 1);
INSERT INTO `behavior_similarity` VALUES ('1349618748226658305', '1376875674339721218', 1);
INSERT INTO `behavior_similarity` VALUES ('1349618748226658305', '1381150125138960385', 1);
INSERT INTO `behavior_similarity` VALUES ('1349618748226658305', '1397395769556086786', 1);
INSERT INTO `behavior_similarity` VALUES ('1349618748226658305', '1376153606346301441', 1);
INSERT INTO `behavior_similarity` VALUES ('1349618748226658305', '1381155797993840642', 1);
INSERT INTO `behavior_similarity` VALUES ('1376544180907843585', '1376152073940574209', 1);
INSERT INTO `behavior_similarity` VALUES ('1376544180907843585', '1349290158897311745', 0.3102526139970115);
INSERT INTO `behavior_similarity` VALUES ('1376544180907843585', '1380902443216551937', 1);
INSERT INTO `behavior_similarity` VALUES ('1376544180907843585', '1380897684120219650', 1);
INSERT INTO `behavior_similarity` VALUES ('1376544180907843585', '1397163373959307265', 1);
INSERT INTO `behavior_similarity` VALUES ('1376544180907843585', '1376875674339721218', 1);
INSERT INTO `behavior_similarity` VALUES ('1376544180907843585', '1381150125138960385', 1);
INSERT INTO `behavior_similarity` VALUES ('1376544180907843585', '1397395769556086786', 1);
INSERT INTO `behavior_similarity` VALUES ('1376544180907843585', '1376153606346301441', 1);
INSERT INTO `behavior_similarity` VALUES ('1376544180907843585', '1381155797993840642', 1);
INSERT INTO `behavior_similarity` VALUES ('1376152073940574209', '1349290158897311745', 0.3102526139970115);
INSERT INTO `behavior_similarity` VALUES ('1376152073940574209', '1380902443216551937', 1);
INSERT INTO `behavior_similarity` VALUES ('1376152073940574209', '1380897684120219650', 1);
INSERT INTO `behavior_similarity` VALUES ('1376152073940574209', '1397163373959307265', 1);
INSERT INTO `behavior_similarity` VALUES ('1376152073940574209', '1376875674339721218', 1);
INSERT INTO `behavior_similarity` VALUES ('1376152073940574209', '1381150125138960385', 1);
INSERT INTO `behavior_similarity` VALUES ('1376152073940574209', '1397395769556086786', 1);
INSERT INTO `behavior_similarity` VALUES ('1376152073940574209', '1376153606346301441', 1);
INSERT INTO `behavior_similarity` VALUES ('1376152073940574209', '1381155797993840642', 1);
INSERT INTO `behavior_similarity` VALUES ('1349290158897311745', '1380902443216551937', 0.3102526139970115);
INSERT INTO `behavior_similarity` VALUES ('1349290158897311745', '1380897684120219650', 0.3102526139970115);
INSERT INTO `behavior_similarity` VALUES ('1349290158897311745', '1397163373959307265', 0.3102526139970115);
INSERT INTO `behavior_similarity` VALUES ('1349290158897311745', '1376875674339721218', 0.3102526139970115);
INSERT INTO `behavior_similarity` VALUES ('1349290158897311745', '1381150125138960385', 0.3102526139970115);
INSERT INTO `behavior_similarity` VALUES ('1349290158897311745', '1397395769556086786', 0.3102526139970115);
INSERT INTO `behavior_similarity` VALUES ('1349290158897311745', '1376153606346301441', 0.3102526139970115);
INSERT INTO `behavior_similarity` VALUES ('1349290158897311745', '1381155797993840642', 0.3102526139970115);
INSERT INTO `behavior_similarity` VALUES ('1380902443216551937', '1380897684120219650', 1);
INSERT INTO `behavior_similarity` VALUES ('1380902443216551937', '1397163373959307265', 1);
INSERT INTO `behavior_similarity` VALUES ('1380902443216551937', '1376875674339721218', 1);
INSERT INTO `behavior_similarity` VALUES ('1380902443216551937', '1381150125138960385', 1);
INSERT INTO `behavior_similarity` VALUES ('1380902443216551937', '1397395769556086786', 1);
INSERT INTO `behavior_similarity` VALUES ('1380902443216551937', '1376153606346301441', 1);
INSERT INTO `behavior_similarity` VALUES ('1380902443216551937', '1381155797993840642', 1);
INSERT INTO `behavior_similarity` VALUES ('1380897684120219650', '1397163373959307265', 1);
INSERT INTO `behavior_similarity` VALUES ('1380897684120219650', '1376875674339721218', 1);
INSERT INTO `behavior_similarity` VALUES ('1380897684120219650', '1381150125138960385', 1);
INSERT INTO `behavior_similarity` VALUES ('1380897684120219650', '1397395769556086786', 1);
INSERT INTO `behavior_similarity` VALUES ('1380897684120219650', '1376153606346301441', 1);
INSERT INTO `behavior_similarity` VALUES ('1380897684120219650', '1381155797993840642', 1);
INSERT INTO `behavior_similarity` VALUES ('1397163373959307265', '1376875674339721218', 1);
INSERT INTO `behavior_similarity` VALUES ('1397163373959307265', '1381150125138960385', 1);
INSERT INTO `behavior_similarity` VALUES ('1397163373959307265', '1397395769556086786', 1);
INSERT INTO `behavior_similarity` VALUES ('1397163373959307265', '1376153606346301441', 1);
INSERT INTO `behavior_similarity` VALUES ('1397163373959307265', '1381155797993840642', 1);
INSERT INTO `behavior_similarity` VALUES ('1376875674339721218', '1381150125138960385', 1);
INSERT INTO `behavior_similarity` VALUES ('1376875674339721218', '1397395769556086786', 1);
INSERT INTO `behavior_similarity` VALUES ('1376875674339721218', '1376153606346301441', 1);
INSERT INTO `behavior_similarity` VALUES ('1376875674339721218', '1381155797993840642', 1);
INSERT INTO `behavior_similarity` VALUES ('1381150125138960385', '1397395769556086786', 1);
INSERT INTO `behavior_similarity` VALUES ('1381150125138960385', '1376153606346301441', 1);
INSERT INTO `behavior_similarity` VALUES ('1381150125138960385', '1381155797993840642', 1);
INSERT INTO `behavior_similarity` VALUES ('1397395769556086786', '1376153606346301441', 1);
INSERT INTO `behavior_similarity` VALUES ('1397395769556086786', '1381155797993840642', 1);
INSERT INTO `behavior_similarity` VALUES ('1376153606346301441', '1381155797993840642', 1);
INSERT INTO `behavior_similarity` VALUES ('1349618748226658305', '1349290158897311745', 0.3102526139970115);
INSERT INTO `behavior_similarity` VALUES ('1376544180907843585', '1349290158897311745', 0.3102526139970115);
INSERT INTO `behavior_similarity` VALUES ('1376152073940574209', '1349290158897311745', 0.3102526139970115);
INSERT INTO `behavior_similarity` VALUES ('1349290158897311745', '1380902443216551937', 0.3102526139970115);
INSERT INTO `behavior_similarity` VALUES ('1349290158897311745', '1380897684120219650', 0.3102526139970115);
INSERT INTO `behavior_similarity` VALUES ('1349290158897311745', '1397163373959307265', 0.3102526139970115);
INSERT INTO `behavior_similarity` VALUES ('1349290158897311745', '1376875674339721218', 0.3102526139970115);
INSERT INTO `behavior_similarity` VALUES ('1349290158897311745', '1381150125138960385', 0.3102526139970115);
INSERT INTO `behavior_similarity` VALUES ('1349290158897311745', '1397395769556086786', 0.3102526139970115);
INSERT INTO `behavior_similarity` VALUES ('1349290158897311745', '1376153606346301441', 0.3102526139970115);
INSERT INTO `behavior_similarity` VALUES ('1349290158897311745', '1381155797993840642', 0.3102526139970115);
INSERT INTO `behavior_similarity` VALUES ('1349618748226658305', '1349290158897311745', 0.3102526139970115);
INSERT INTO `behavior_similarity` VALUES ('1376544180907843585', '1349290158897311745', 0.3102526139970115);
INSERT INTO `behavior_similarity` VALUES ('1376152073940574209', '1349290158897311745', 0.3102526139970115);
INSERT INTO `behavior_similarity` VALUES ('1349290158897311745', '1380902443216551937', 0.3102526139970115);
INSERT INTO `behavior_similarity` VALUES ('1349290158897311745', '1380897684120219650', 0.3102526139970115);
INSERT INTO `behavior_similarity` VALUES ('1349290158897311745', '1397163373959307265', 0.3102526139970115);
INSERT INTO `behavior_similarity` VALUES ('1349290158897311745', '1376875674339721218', 0.3102526139970115);
INSERT INTO `behavior_similarity` VALUES ('1349290158897311745', '1381150125138960385', 0.3102526139970115);
INSERT INTO `behavior_similarity` VALUES ('1349290158897311745', '1397395769556086786', 0.3102526139970115);
INSERT INTO `behavior_similarity` VALUES ('1349290158897311745', '1376153606346301441', 0.3102526139970115);
INSERT INTO `behavior_similarity` VALUES ('1349290158897311745', '1381155797993840642', 0.3102526139970115);
INSERT INTO `behavior_similarity` VALUES ('1349618748226658305', '1349290158897311745', 0.3102526139970115);
INSERT INTO `behavior_similarity` VALUES ('1376544180907843585', '1349290158897311745', 0.3102526139970115);
INSERT INTO `behavior_similarity` VALUES ('1376152073940574209', '1349290158897311745', 0.3102526139970115);
INSERT INTO `behavior_similarity` VALUES ('1349290158897311745', '1380902443216551937', 0.3102526139970115);
INSERT INTO `behavior_similarity` VALUES ('1349290158897311745', '1380897684120219650', 0.3102526139970115);
INSERT INTO `behavior_similarity` VALUES ('1349290158897311745', '1397163373959307265', 0.3102526139970115);
INSERT INTO `behavior_similarity` VALUES ('1349290158897311745', '1376875674339721218', 0.3102526139970115);
INSERT INTO `behavior_similarity` VALUES ('1349290158897311745', '1381150125138960385', 0.3102526139970115);
INSERT INTO `behavior_similarity` VALUES ('1349290158897311745', '1397395769556086786', 0.3102526139970115);
INSERT INTO `behavior_similarity` VALUES ('1349290158897311745', '1376153606346301441', 0.3102526139970115);
INSERT INTO `behavior_similarity` VALUES ('1349290158897311745', '1381155797993840642', 0.3102526139970115);
INSERT INTO `behavior_similarity` VALUES ('1349618748226658305', '1349290158897311745', 0.3102526139970115);
INSERT INTO `behavior_similarity` VALUES ('1349618748226658305', '1397163373959307265', 1);
INSERT INTO `behavior_similarity` VALUES ('1349618748226658305', '1397458677065469954', 1);
INSERT INTO `behavior_similarity` VALUES ('1376544180907843585', '1349290158897311745', 0.3102526139970115);
INSERT INTO `behavior_similarity` VALUES ('1376544180907843585', '1397163373959307265', 1);
INSERT INTO `behavior_similarity` VALUES ('1376544180907843585', '1397458677065469954', 1);
INSERT INTO `behavior_similarity` VALUES ('1376152073940574209', '1349290158897311745', 0.3102526139970115);
INSERT INTO `behavior_similarity` VALUES ('1376152073940574209', '1397163373959307265', 1);
INSERT INTO `behavior_similarity` VALUES ('1376152073940574209', '1397458677065469954', 1);
INSERT INTO `behavior_similarity` VALUES ('1349290158897311745', '1380902443216551937', 0.3102526139970115);
INSERT INTO `behavior_similarity` VALUES ('1349290158897311745', '1380897684120219650', 0.3102526139970115);
INSERT INTO `behavior_similarity` VALUES ('1349290158897311745', '1397163373959307265', 0.3102526139970115);
INSERT INTO `behavior_similarity` VALUES ('1349290158897311745', '1376875674339721218', 0.3102526139970115);
INSERT INTO `behavior_similarity` VALUES ('1349290158897311745', '1381150125138960385', 0.3102526139970115);
INSERT INTO `behavior_similarity` VALUES ('1349290158897311745', '1397395769556086786', 0.3102526139970115);
INSERT INTO `behavior_similarity` VALUES ('1349290158897311745', '1376153606346301441', 0.3102526139970115);
INSERT INTO `behavior_similarity` VALUES ('1349290158897311745', '1381155797993840642', 0.3102526139970115);
INSERT INTO `behavior_similarity` VALUES ('1349290158897311745', '1397458677065469954', 0.3102526139970115);
INSERT INTO `behavior_similarity` VALUES ('1380902443216551937', '1397163373959307265', 1);
INSERT INTO `behavior_similarity` VALUES ('1380902443216551937', '1397458677065469954', 1);
INSERT INTO `behavior_similarity` VALUES ('1380897684120219650', '1397163373959307265', 1);
INSERT INTO `behavior_similarity` VALUES ('1380897684120219650', '1397458677065469954', 1);
INSERT INTO `behavior_similarity` VALUES ('1397163373959307265', '1376875674339721218', 1);
INSERT INTO `behavior_similarity` VALUES ('1397163373959307265', '1381150125138960385', 1);
INSERT INTO `behavior_similarity` VALUES ('1397163373959307265', '1397395769556086786', 1);
INSERT INTO `behavior_similarity` VALUES ('1397163373959307265', '1376153606346301441', 1);
INSERT INTO `behavior_similarity` VALUES ('1397163373959307265', '1381155797993840642', 1);
INSERT INTO `behavior_similarity` VALUES ('1397163373959307265', '1397458677065469954', 1);
INSERT INTO `behavior_similarity` VALUES ('1376875674339721218', '1397458677065469954', 1);
INSERT INTO `behavior_similarity` VALUES ('1381150125138960385', '1397458677065469954', 1);
INSERT INTO `behavior_similarity` VALUES ('1397395769556086786', '1397458677065469954', 1);
INSERT INTO `behavior_similarity` VALUES ('1376153606346301441', '1397458677065469954', 1);
INSERT INTO `behavior_similarity` VALUES ('1381155797993840642', '1397458677065469954', 1);
INSERT INTO `behavior_similarity` VALUES ('1349618748226658305', '1397458677065469954', 1);
INSERT INTO `behavior_similarity` VALUES ('1376544180907843585', '1397458677065469954', 1);
INSERT INTO `behavior_similarity` VALUES ('1376152073940574209', '1397458677065469954', 1);
INSERT INTO `behavior_similarity` VALUES ('1349290158897311745', '1397458677065469954', 0.3102526139970115);
INSERT INTO `behavior_similarity` VALUES ('1380902443216551937', '1397458677065469954', 1);
INSERT INTO `behavior_similarity` VALUES ('1380897684120219650', '1397458677065469954', 1);
INSERT INTO `behavior_similarity` VALUES ('1397163373959307265', '1397458677065469954', 1);
INSERT INTO `behavior_similarity` VALUES ('1376875674339721218', '1397458677065469954', 1);
INSERT INTO `behavior_similarity` VALUES ('1381150125138960385', '1397458677065469954', 1);
INSERT INTO `behavior_similarity` VALUES ('1397395769556086786', '1397458677065469954', 1);
INSERT INTO `behavior_similarity` VALUES ('1376153606346301441', '1397458677065469954', 1);
INSERT INTO `behavior_similarity` VALUES ('1381155797993840642', '1397458677065469954', 1);
INSERT INTO `behavior_similarity` VALUES ('1349618748226658305', '1376544180907843585', 1);
INSERT INTO `behavior_similarity` VALUES ('1349618748226658305', '1376152073940574209', 1);
INSERT INTO `behavior_similarity` VALUES ('1349618748226658305', '1349290158897311745', 0.3102526139970115);
INSERT INTO `behavior_similarity` VALUES ('1349618748226658305', '1380902443216551937', 1);
INSERT INTO `behavior_similarity` VALUES ('1349618748226658305', '1380897684120219650', 1);
INSERT INTO `behavior_similarity` VALUES ('1349618748226658305', '1397163373959307265', 1);
INSERT INTO `behavior_similarity` VALUES ('1349618748226658305', '1376875674339721218', 1);
INSERT INTO `behavior_similarity` VALUES ('1349618748226658305', '1381150125138960385', 1);
INSERT INTO `behavior_similarity` VALUES ('1349618748226658305', '1397395769556086786', 1);
INSERT INTO `behavior_similarity` VALUES ('1349618748226658305', '1376153606346301441', 1);
INSERT INTO `behavior_similarity` VALUES ('1349618748226658305', '1381155797993840642', 1);
INSERT INTO `behavior_similarity` VALUES ('1349618748226658305', '1397458677065469954', 1);
INSERT INTO `behavior_similarity` VALUES ('1376544180907843585', '1376152073940574209', 1);
INSERT INTO `behavior_similarity` VALUES ('1376544180907843585', '1349290158897311745', 0.3102526139970115);
INSERT INTO `behavior_similarity` VALUES ('1376544180907843585', '1380902443216551937', 1);
INSERT INTO `behavior_similarity` VALUES ('1376544180907843585', '1380897684120219650', 1);
INSERT INTO `behavior_similarity` VALUES ('1376544180907843585', '1397163373959307265', 1);
INSERT INTO `behavior_similarity` VALUES ('1376544180907843585', '1376875674339721218', 1);
INSERT INTO `behavior_similarity` VALUES ('1376544180907843585', '1381150125138960385', 1);
INSERT INTO `behavior_similarity` VALUES ('1376544180907843585', '1397395769556086786', 1);
INSERT INTO `behavior_similarity` VALUES ('1376544180907843585', '1376153606346301441', 1);
INSERT INTO `behavior_similarity` VALUES ('1376544180907843585', '1381155797993840642', 1);
INSERT INTO `behavior_similarity` VALUES ('1376544180907843585', '1397458677065469954', 1);
INSERT INTO `behavior_similarity` VALUES ('1376152073940574209', '1349290158897311745', 0.3102526139970115);
INSERT INTO `behavior_similarity` VALUES ('1376152073940574209', '1380902443216551937', 1);
INSERT INTO `behavior_similarity` VALUES ('1376152073940574209', '1380897684120219650', 1);
INSERT INTO `behavior_similarity` VALUES ('1376152073940574209', '1397163373959307265', 1);
INSERT INTO `behavior_similarity` VALUES ('1376152073940574209', '1376875674339721218', 1);
INSERT INTO `behavior_similarity` VALUES ('1376152073940574209', '1381150125138960385', 1);
INSERT INTO `behavior_similarity` VALUES ('1376152073940574209', '1397395769556086786', 1);
INSERT INTO `behavior_similarity` VALUES ('1376152073940574209', '1376153606346301441', 1);
INSERT INTO `behavior_similarity` VALUES ('1376152073940574209', '1381155797993840642', 1);
INSERT INTO `behavior_similarity` VALUES ('1376152073940574209', '1397458677065469954', 1);
INSERT INTO `behavior_similarity` VALUES ('1349290158897311745', '1380902443216551937', 0.3102526139970115);
INSERT INTO `behavior_similarity` VALUES ('1349290158897311745', '1380897684120219650', 0.3102526139970115);
INSERT INTO `behavior_similarity` VALUES ('1349290158897311745', '1397163373959307265', 0.3102526139970115);
INSERT INTO `behavior_similarity` VALUES ('1349290158897311745', '1376875674339721218', 0.3102526139970115);
INSERT INTO `behavior_similarity` VALUES ('1349290158897311745', '1381150125138960385', 0.3102526139970115);
INSERT INTO `behavior_similarity` VALUES ('1349290158897311745', '1397395769556086786', 0.3102526139970115);
INSERT INTO `behavior_similarity` VALUES ('1349290158897311745', '1376153606346301441', 0.3102526139970115);
INSERT INTO `behavior_similarity` VALUES ('1349290158897311745', '1381155797993840642', 0.3102526139970115);
INSERT INTO `behavior_similarity` VALUES ('1349290158897311745', '1397458677065469954', 0.3102526139970115);
INSERT INTO `behavior_similarity` VALUES ('1380902443216551937', '1380897684120219650', 1);
INSERT INTO `behavior_similarity` VALUES ('1380902443216551937', '1397163373959307265', 1);
INSERT INTO `behavior_similarity` VALUES ('1380902443216551937', '1376875674339721218', 1);
INSERT INTO `behavior_similarity` VALUES ('1380902443216551937', '1381150125138960385', 1);
INSERT INTO `behavior_similarity` VALUES ('1380902443216551937', '1397395769556086786', 1);
INSERT INTO `behavior_similarity` VALUES ('1380902443216551937', '1376153606346301441', 1);
INSERT INTO `behavior_similarity` VALUES ('1380902443216551937', '1381155797993840642', 1);
INSERT INTO `behavior_similarity` VALUES ('1380902443216551937', '1397458677065469954', 1);
INSERT INTO `behavior_similarity` VALUES ('1380897684120219650', '1397163373959307265', 1);
INSERT INTO `behavior_similarity` VALUES ('1380897684120219650', '1376875674339721218', 1);
INSERT INTO `behavior_similarity` VALUES ('1380897684120219650', '1381150125138960385', 1);
INSERT INTO `behavior_similarity` VALUES ('1380897684120219650', '1397395769556086786', 1);
INSERT INTO `behavior_similarity` VALUES ('1380897684120219650', '1376153606346301441', 1);
INSERT INTO `behavior_similarity` VALUES ('1380897684120219650', '1381155797993840642', 1);
INSERT INTO `behavior_similarity` VALUES ('1380897684120219650', '1397458677065469954', 1);
INSERT INTO `behavior_similarity` VALUES ('1397163373959307265', '1376875674339721218', 1);
INSERT INTO `behavior_similarity` VALUES ('1397163373959307265', '1381150125138960385', 1);
INSERT INTO `behavior_similarity` VALUES ('1397163373959307265', '1397395769556086786', 1);
INSERT INTO `behavior_similarity` VALUES ('1397163373959307265', '1376153606346301441', 1);
INSERT INTO `behavior_similarity` VALUES ('1397163373959307265', '1381155797993840642', 1);
INSERT INTO `behavior_similarity` VALUES ('1397163373959307265', '1397458677065469954', 1);
INSERT INTO `behavior_similarity` VALUES ('1376875674339721218', '1381150125138960385', 1);
INSERT INTO `behavior_similarity` VALUES ('1376875674339721218', '1397395769556086786', 1);
INSERT INTO `behavior_similarity` VALUES ('1376875674339721218', '1376153606346301441', 1);
INSERT INTO `behavior_similarity` VALUES ('1376875674339721218', '1381155797993840642', 1);
INSERT INTO `behavior_similarity` VALUES ('1376875674339721218', '1397458677065469954', 1);
INSERT INTO `behavior_similarity` VALUES ('1381150125138960385', '1397395769556086786', 1);
INSERT INTO `behavior_similarity` VALUES ('1381150125138960385', '1376153606346301441', 1);
INSERT INTO `behavior_similarity` VALUES ('1381150125138960385', '1381155797993840642', 1);
INSERT INTO `behavior_similarity` VALUES ('1381150125138960385', '1397458677065469954', 1);
INSERT INTO `behavior_similarity` VALUES ('1397395769556086786', '1376153606346301441', 1);
INSERT INTO `behavior_similarity` VALUES ('1397395769556086786', '1381155797993840642', 1);
INSERT INTO `behavior_similarity` VALUES ('1397395769556086786', '1397458677065469954', 1);
INSERT INTO `behavior_similarity` VALUES ('1376153606346301441', '1381155797993840642', 1);
INSERT INTO `behavior_similarity` VALUES ('1376153606346301441', '1397458677065469954', 1);
INSERT INTO `behavior_similarity` VALUES ('1381155797993840642', '1397458677065469954', 1);
INSERT INTO `behavior_similarity` VALUES ('1349618748226658305', '1349290158897311745', 0.3102526139970115);
INSERT INTO `behavior_similarity` VALUES ('1376544180907843585', '1349290158897311745', 0.3102526139970115);
INSERT INTO `behavior_similarity` VALUES ('1376152073940574209', '1349290158897311745', 0.3102526139970115);
INSERT INTO `behavior_similarity` VALUES ('1349290158897311745', '1380902443216551937', 0.3102526139970115);
INSERT INTO `behavior_similarity` VALUES ('1349290158897311745', '1380897684120219650', 0.3102526139970115);
INSERT INTO `behavior_similarity` VALUES ('1349290158897311745', '1397163373959307265', 0.3102526139970115);
INSERT INTO `behavior_similarity` VALUES ('1349290158897311745', '1376875674339721218', 0.3102526139970115);
INSERT INTO `behavior_similarity` VALUES ('1349290158897311745', '1381150125138960385', 0.3102526139970115);
INSERT INTO `behavior_similarity` VALUES ('1349290158897311745', '1397395769556086786', 0.3102526139970115);
INSERT INTO `behavior_similarity` VALUES ('1349290158897311745', '1376153606346301441', 0.3102526139970115);
INSERT INTO `behavior_similarity` VALUES ('1349290158897311745', '1381155797993840642', 0.3102526139970115);
INSERT INTO `behavior_similarity` VALUES ('1349290158897311745', '1397458677065469954', 0.3102526139970115);
INSERT INTO `behavior_similarity` VALUES ('1349618748226658305', '1349290158897311745', 0.3102526139970115);
INSERT INTO `behavior_similarity` VALUES ('1376544180907843585', '1349290158897311745', 0.3102526139970115);
INSERT INTO `behavior_similarity` VALUES ('1376152073940574209', '1349290158897311745', 0.3102526139970115);
INSERT INTO `behavior_similarity` VALUES ('1349290158897311745', '1380902443216551937', 0.3102526139970115);
INSERT INTO `behavior_similarity` VALUES ('1349290158897311745', '1380897684120219650', 0.3102526139970115);
INSERT INTO `behavior_similarity` VALUES ('1349290158897311745', '1397163373959307265', 0.3102526139970115);
INSERT INTO `behavior_similarity` VALUES ('1349290158897311745', '1376875674339721218', 0.3102526139970115);
INSERT INTO `behavior_similarity` VALUES ('1349290158897311745', '1381150125138960385', 0.3102526139970115);
INSERT INTO `behavior_similarity` VALUES ('1349290158897311745', '1397395769556086786', 0.3102526139970115);
INSERT INTO `behavior_similarity` VALUES ('1349290158897311745', '1376153606346301441', 0.3102526139970115);
INSERT INTO `behavior_similarity` VALUES ('1349290158897311745', '1381155797993840642', 0.3102526139970115);
INSERT INTO `behavior_similarity` VALUES ('1349290158897311745', '1397458677065469954', 0.3102526139970115);
INSERT INTO `behavior_similarity` VALUES ('1349618748226658305', '1349290158897311745', 0.3102526139970115);
INSERT INTO `behavior_similarity` VALUES ('1349618748226658305', '1397163373959307265', 1);
INSERT INTO `behavior_similarity` VALUES ('1349618748226658305', '1397458677065469954', 1);
INSERT INTO `behavior_similarity` VALUES ('1376544180907843585', '1349290158897311745', 0.3102526139970115);
INSERT INTO `behavior_similarity` VALUES ('1376544180907843585', '1397163373959307265', 1);
INSERT INTO `behavior_similarity` VALUES ('1376544180907843585', '1397458677065469954', 1);
INSERT INTO `behavior_similarity` VALUES ('1376152073940574209', '1349290158897311745', 0.3102526139970115);
INSERT INTO `behavior_similarity` VALUES ('1376152073940574209', '1397163373959307265', 1);
INSERT INTO `behavior_similarity` VALUES ('1376152073940574209', '1397458677065469954', 1);
INSERT INTO `behavior_similarity` VALUES ('1349290158897311745', '1380902443216551937', 0.3102526139970115);
INSERT INTO `behavior_similarity` VALUES ('1349290158897311745', '1380897684120219650', 0.3102526139970115);
INSERT INTO `behavior_similarity` VALUES ('1349290158897311745', '1397163373959307265', 0.3102526139970115);
INSERT INTO `behavior_similarity` VALUES ('1349290158897311745', '1376875674339721218', 0.3102526139970115);
INSERT INTO `behavior_similarity` VALUES ('1349290158897311745', '1381150125138960385', 0.3102526139970115);
INSERT INTO `behavior_similarity` VALUES ('1349290158897311745', '1397395769556086786', 0.3102526139970115);
INSERT INTO `behavior_similarity` VALUES ('1349290158897311745', '1376153606346301441', 0.3102526139970115);
INSERT INTO `behavior_similarity` VALUES ('1349290158897311745', '1381155797993840642', 0.3102526139970115);
INSERT INTO `behavior_similarity` VALUES ('1349290158897311745', '1397458677065469954', 0.3102526139970115);
INSERT INTO `behavior_similarity` VALUES ('1380902443216551937', '1397163373959307265', 1);
INSERT INTO `behavior_similarity` VALUES ('1380902443216551937', '1397458677065469954', 1);
INSERT INTO `behavior_similarity` VALUES ('1380897684120219650', '1397163373959307265', 1);
INSERT INTO `behavior_similarity` VALUES ('1380897684120219650', '1397458677065469954', 1);
INSERT INTO `behavior_similarity` VALUES ('1397163373959307265', '1376875674339721218', 1);
INSERT INTO `behavior_similarity` VALUES ('1397163373959307265', '1381150125138960385', 1);
INSERT INTO `behavior_similarity` VALUES ('1397163373959307265', '1397395769556086786', 1);
INSERT INTO `behavior_similarity` VALUES ('1397163373959307265', '1376153606346301441', 1);
INSERT INTO `behavior_similarity` VALUES ('1397163373959307265', '1381155797993840642', 1);
INSERT INTO `behavior_similarity` VALUES ('1397163373959307265', '1397458677065469954', 1);
INSERT INTO `behavior_similarity` VALUES ('1376875674339721218', '1397458677065469954', 1);
INSERT INTO `behavior_similarity` VALUES ('1381150125138960385', '1397458677065469954', 1);
INSERT INTO `behavior_similarity` VALUES ('1397395769556086786', '1397458677065469954', 1);
INSERT INTO `behavior_similarity` VALUES ('1376153606346301441', '1397458677065469954', 1);
INSERT INTO `behavior_similarity` VALUES ('1381155797993840642', '1397458677065469954', 1);
INSERT INTO `behavior_similarity` VALUES ('1349618748226658305', '1349290158897311745', 0.3102526139970115);
INSERT INTO `behavior_similarity` VALUES ('1376544180907843585', '1349290158897311745', 0.3102526139970115);
INSERT INTO `behavior_similarity` VALUES ('1376152073940574209', '1349290158897311745', 0.3102526139970115);
INSERT INTO `behavior_similarity` VALUES ('1349290158897311745', '1380902443216551937', 0.3102526139970115);
INSERT INTO `behavior_similarity` VALUES ('1349290158897311745', '1380897684120219650', 0.3102526139970115);
INSERT INTO `behavior_similarity` VALUES ('1349290158897311745', '1397163373959307265', 0.3102526139970115);
INSERT INTO `behavior_similarity` VALUES ('1349290158897311745', '1376875674339721218', 0.3102526139970115);
INSERT INTO `behavior_similarity` VALUES ('1349290158897311745', '1381150125138960385', 0.3102526139970115);
INSERT INTO `behavior_similarity` VALUES ('1349290158897311745', '1397395769556086786', 0.3102526139970115);
INSERT INTO `behavior_similarity` VALUES ('1349290158897311745', '1376153606346301441', 0.3102526139970115);
INSERT INTO `behavior_similarity` VALUES ('1349290158897311745', '1381155797993840642', 0.3102526139970115);
INSERT INTO `behavior_similarity` VALUES ('1349290158897311745', '1397458677065469954', 0.3102526139970115);
INSERT INTO `behavior_similarity` VALUES ('1349618748226658305', '1376544180907843585', 1);
INSERT INTO `behavior_similarity` VALUES ('1349618748226658305', '1397906311634558978', -0.17677669529663687);
INSERT INTO `behavior_similarity` VALUES ('1349618748226658305', '1376152073940574209', 1);
INSERT INTO `behavior_similarity` VALUES ('1349618748226658305', '1349290158897311745', 0.3102526139970115);
INSERT INTO `behavior_similarity` VALUES ('1349618748226658305', '1380902443216551937', 1);
INSERT INTO `behavior_similarity` VALUES ('1349618748226658305', '1380897684120219650', 1);
INSERT INTO `behavior_similarity` VALUES ('1349618748226658305', '1397163373959307265', 1);
INSERT INTO `behavior_similarity` VALUES ('1349618748226658305', '1376875674339721218', 1);
INSERT INTO `behavior_similarity` VALUES ('1349618748226658305', '1381150125138960385', 1);
INSERT INTO `behavior_similarity` VALUES ('1349618748226658305', '1397395769556086786', 1);
INSERT INTO `behavior_similarity` VALUES ('1349618748226658305', '1376153606346301441', 1);
INSERT INTO `behavior_similarity` VALUES ('1349618748226658305', '1381155797993840642', 1);
INSERT INTO `behavior_similarity` VALUES ('1349618748226658305', '1397458677065469954', 1);
INSERT INTO `behavior_similarity` VALUES ('1376544180907843585', '1397906311634558978', -0.17677669529663687);
INSERT INTO `behavior_similarity` VALUES ('1376544180907843585', '1376152073940574209', 1);
INSERT INTO `behavior_similarity` VALUES ('1376544180907843585', '1349290158897311745', 0.3102526139970115);
INSERT INTO `behavior_similarity` VALUES ('1376544180907843585', '1380902443216551937', 1);
INSERT INTO `behavior_similarity` VALUES ('1376544180907843585', '1380897684120219650', 1);
INSERT INTO `behavior_similarity` VALUES ('1376544180907843585', '1397163373959307265', 1);
INSERT INTO `behavior_similarity` VALUES ('1376544180907843585', '1376875674339721218', 1);
INSERT INTO `behavior_similarity` VALUES ('1376544180907843585', '1381150125138960385', 1);
INSERT INTO `behavior_similarity` VALUES ('1376544180907843585', '1397395769556086786', 1);
INSERT INTO `behavior_similarity` VALUES ('1376544180907843585', '1376153606346301441', 1);
INSERT INTO `behavior_similarity` VALUES ('1376544180907843585', '1381155797993840642', 1);
INSERT INTO `behavior_similarity` VALUES ('1376544180907843585', '1397458677065469954', 1);
INSERT INTO `behavior_similarity` VALUES ('1397906311634558978', '1376152073940574209', -0.17677669529663687);
INSERT INTO `behavior_similarity` VALUES ('1397906311634558978', '1349290158897311745', -0.024761275912089115);
INSERT INTO `behavior_similarity` VALUES ('1397906311634558978', '1380902443216551937', -0.17677669529663687);
INSERT INTO `behavior_similarity` VALUES ('1397906311634558978', '1380897684120219650', -0.17677669529663687);
INSERT INTO `behavior_similarity` VALUES ('1397906311634558978', '1397163373959307265', -0.17677669529663687);
INSERT INTO `behavior_similarity` VALUES ('1397906311634558978', '1376875674339721218', -0.17677669529663687);
INSERT INTO `behavior_similarity` VALUES ('1397906311634558978', '1381150125138960385', -0.17677669529663687);
INSERT INTO `behavior_similarity` VALUES ('1397906311634558978', '1397395769556086786', -0.17677669529663687);
INSERT INTO `behavior_similarity` VALUES ('1397906311634558978', '1376153606346301441', -0.17677669529663687);
INSERT INTO `behavior_similarity` VALUES ('1397906311634558978', '1381155797993840642', -0.17677669529663687);
INSERT INTO `behavior_similarity` VALUES ('1397906311634558978', '1397458677065469954', -0.17677669529663687);
INSERT INTO `behavior_similarity` VALUES ('1376152073940574209', '1349290158897311745', 0.3102526139970115);
INSERT INTO `behavior_similarity` VALUES ('1376152073940574209', '1380902443216551937', 1);
INSERT INTO `behavior_similarity` VALUES ('1376152073940574209', '1380897684120219650', 1);
INSERT INTO `behavior_similarity` VALUES ('1376152073940574209', '1397163373959307265', 1);
INSERT INTO `behavior_similarity` VALUES ('1376152073940574209', '1376875674339721218', 1);
INSERT INTO `behavior_similarity` VALUES ('1376152073940574209', '1381150125138960385', 1);
INSERT INTO `behavior_similarity` VALUES ('1376152073940574209', '1397395769556086786', 1);
INSERT INTO `behavior_similarity` VALUES ('1376152073940574209', '1376153606346301441', 1);
INSERT INTO `behavior_similarity` VALUES ('1376152073940574209', '1381155797993840642', 1);
INSERT INTO `behavior_similarity` VALUES ('1376152073940574209', '1397458677065469954', 1);
INSERT INTO `behavior_similarity` VALUES ('1349290158897311745', '1380902443216551937', 0.3102526139970115);
INSERT INTO `behavior_similarity` VALUES ('1349290158897311745', '1380897684120219650', 0.3102526139970115);
INSERT INTO `behavior_similarity` VALUES ('1349290158897311745', '1397163373959307265', 0.3102526139970115);
INSERT INTO `behavior_similarity` VALUES ('1349290158897311745', '1376875674339721218', 0.3102526139970115);
INSERT INTO `behavior_similarity` VALUES ('1349290158897311745', '1381150125138960385', 0.3102526139970115);
INSERT INTO `behavior_similarity` VALUES ('1349290158897311745', '1397395769556086786', 0.3102526139970115);
INSERT INTO `behavior_similarity` VALUES ('1349290158897311745', '1376153606346301441', 0.3102526139970115);
INSERT INTO `behavior_similarity` VALUES ('1349290158897311745', '1381155797993840642', 0.3102526139970115);
INSERT INTO `behavior_similarity` VALUES ('1349290158897311745', '1397458677065469954', 0.3102526139970115);
INSERT INTO `behavior_similarity` VALUES ('1380902443216551937', '1380897684120219650', 1);
INSERT INTO `behavior_similarity` VALUES ('1380902443216551937', '1397163373959307265', 1);
INSERT INTO `behavior_similarity` VALUES ('1380902443216551937', '1376875674339721218', 1);
INSERT INTO `behavior_similarity` VALUES ('1380902443216551937', '1381150125138960385', 1);
INSERT INTO `behavior_similarity` VALUES ('1380902443216551937', '1397395769556086786', 1);
INSERT INTO `behavior_similarity` VALUES ('1380902443216551937', '1376153606346301441', 1);
INSERT INTO `behavior_similarity` VALUES ('1380902443216551937', '1381155797993840642', 1);
INSERT INTO `behavior_similarity` VALUES ('1380902443216551937', '1397458677065469954', 1);
INSERT INTO `behavior_similarity` VALUES ('1380897684120219650', '1397163373959307265', 1);
INSERT INTO `behavior_similarity` VALUES ('1380897684120219650', '1376875674339721218', 1);
INSERT INTO `behavior_similarity` VALUES ('1380897684120219650', '1381150125138960385', 1);
INSERT INTO `behavior_similarity` VALUES ('1380897684120219650', '1397395769556086786', 1);
INSERT INTO `behavior_similarity` VALUES ('1380897684120219650', '1376153606346301441', 1);
INSERT INTO `behavior_similarity` VALUES ('1380897684120219650', '1381155797993840642', 1);
INSERT INTO `behavior_similarity` VALUES ('1380897684120219650', '1397458677065469954', 1);
INSERT INTO `behavior_similarity` VALUES ('1397163373959307265', '1376875674339721218', 1);
INSERT INTO `behavior_similarity` VALUES ('1397163373959307265', '1381150125138960385', 1);
INSERT INTO `behavior_similarity` VALUES ('1397163373959307265', '1397395769556086786', 1);
INSERT INTO `behavior_similarity` VALUES ('1397163373959307265', '1376153606346301441', 1);
INSERT INTO `behavior_similarity` VALUES ('1397163373959307265', '1381155797993840642', 1);
INSERT INTO `behavior_similarity` VALUES ('1397163373959307265', '1397458677065469954', 1);
INSERT INTO `behavior_similarity` VALUES ('1376875674339721218', '1381150125138960385', 1);
INSERT INTO `behavior_similarity` VALUES ('1376875674339721218', '1397395769556086786', 1);
INSERT INTO `behavior_similarity` VALUES ('1376875674339721218', '1376153606346301441', 1);
INSERT INTO `behavior_similarity` VALUES ('1376875674339721218', '1381155797993840642', 1);
INSERT INTO `behavior_similarity` VALUES ('1376875674339721218', '1397458677065469954', 1);
INSERT INTO `behavior_similarity` VALUES ('1381150125138960385', '1397395769556086786', 1);
INSERT INTO `behavior_similarity` VALUES ('1381150125138960385', '1376153606346301441', 1);
INSERT INTO `behavior_similarity` VALUES ('1381150125138960385', '1381155797993840642', 1);
INSERT INTO `behavior_similarity` VALUES ('1381150125138960385', '1397458677065469954', 1);
INSERT INTO `behavior_similarity` VALUES ('1397395769556086786', '1376153606346301441', 1);
INSERT INTO `behavior_similarity` VALUES ('1397395769556086786', '1381155797993840642', 1);
INSERT INTO `behavior_similarity` VALUES ('1397395769556086786', '1397458677065469954', 1);
INSERT INTO `behavior_similarity` VALUES ('1376153606346301441', '1381155797993840642', 1);
INSERT INTO `behavior_similarity` VALUES ('1376153606346301441', '1397458677065469954', 1);
INSERT INTO `behavior_similarity` VALUES ('1381155797993840642', '1397458677065469954', 1);

-- ----------------------------
-- Table structure for behavior_user_log
-- ----------------------------
DROP TABLE IF EXISTS `behavior_user_log`;
CREATE TABLE `behavior_user_log`  (
  `id` varchar(255) CHARACTER SET utf8mb4 COLLATE utf8mb4_0900_ai_ci NULL DEFAULT NULL COMMENT '操作类型',
  `create_time` datetime NULL DEFAULT NULL COMMENT '创建时间',
  `weight` double NULL DEFAULT NULL COMMENT '权重'
) ENGINE = InnoDB CHARACTER SET = utf8mb4 COLLATE = utf8mb4_0900_ai_ci ROW_FORMAT = DYNAMIC;

-- ----------------------------
-- Records of behavior_user_log
-- ----------------------------
INSERT INTO `behavior_user_log` VALUES ('post', '2021-04-07 13:51:18', 7);
INSERT INTO `behavior_user_log` VALUES ('view', '2021-04-02 14:43:32', 1);
INSERT INTO `behavior_user_log` VALUES ('comment', '2021-04-08 14:52:15', 4);
INSERT INTO `behavior_user_log` VALUES ('forward', '2021-04-02 16:23:21', 3);
INSERT INTO `behavior_user_log` VALUES ('star', '2021-04-10 16:23:40', 2);
INSERT INTO `behavior_user_log` VALUES ('search', '2021-03-30 17:11:06', 5);

-- ----------------------------
-- Table structure for bms_billboard
-- ----------------------------
DROP TABLE IF EXISTS `bms_billboard`;
CREATE TABLE `bms_billboard`  (
  `id` int NOT NULL AUTO_INCREMENT COMMENT '主键',
  `content` varchar(255) CHARACTER SET utf8mb4 COLLATE utf8mb4_0900_ai_ci NOT NULL COMMENT '公告',
  `create_time` datetime NULL DEFAULT NULL COMMENT '公告时间',
  `show` tinyint(1) NULL DEFAULT NULL COMMENT '1：展示中，0：过期',
  PRIMARY KEY (`id`) USING BTREE
) ENGINE = InnoDB AUTO_INCREMENT = 8 CHARACTER SET = utf8mb4 COLLATE = utf8mb4_0900_ai_ci COMMENT = '全站公告' ROW_FORMAT = DYNAMIC;

-- ----------------------------
-- Records of bms_billboard
-- ----------------------------
INSERT INTO `bms_billboard` VALUES (2, 'R1.0 开始已实现护眼模式 ,妈妈再也不用担心我的眼睛了。', '2020-11-19 17:16:19', 0);
INSERT INTO `bms_billboard` VALUES (4, '系统已更新至最新版1.0.1', NULL, 0);
INSERT INTO `bms_billboard` VALUES (6, '系统已更新至最新版1.2.0', '2021-05-21 11:05:12', 0);
INSERT INTO `bms_billboard` VALUES (7, '版本更新1.2', '2021-05-26 11:48:45', 1);

-- ----------------------------
-- Table structure for bms_comment
-- ----------------------------
DROP TABLE IF EXISTS `bms_comment`;
CREATE TABLE `bms_comment`  (
  `id` varchar(20) CHARACTER SET utf8 COLLATE utf8_general_ci NOT NULL COMMENT '主键',
  `type` varchar(255) CHARACTER SET utf8 COLLATE utf8_general_ci NULL DEFAULT NULL COMMENT '评论类型',
  `content` varchar(1000) CHARACTER SET utf8 COLLATE utf8_general_ci NOT NULL DEFAULT '' COMMENT '内容',
  `user_id` varchar(20) CHARACTER SET utf8 COLLATE utf8_general_ci NOT NULL COMMENT '作者ID',
  `topic_id` varchar(20) CHARACTER SET utf8 COLLATE utf8_general_ci NOT NULL COMMENT 'topic_id',
  `create_time` datetime NOT NULL COMMENT '发布时间',
  `modify_time` datetime NULL DEFAULT NULL COMMENT '修改时间',
  `is_del` int NULL DEFAULT 0,
  PRIMARY KEY (`id`) USING BTREE
) ENGINE = InnoDB CHARACTER SET = utf8 COLLATE = utf8_general_ci COMMENT = '评论表' ROW_FORMAT = DYNAMIC;

-- ----------------------------
-- Records of bms_comment
-- ----------------------------
INSERT INTO `bms_comment` VALUES ('1376152932803993602', 'blog', 'henhao                         ', '1376152073940574209', '1349631541260595202', '2021-03-28 20:43:22', NULL, 0);
INSERT INTO `bms_comment` VALUES ('1376153660712869889', 'blog', 'fsada', '1376153606346301441', '1376153416906366978', '2021-03-28 20:46:15', NULL, 0);
INSERT INTO `bms_comment` VALUES ('1376160452314456066', 'blog', '42324', '1376152073940574209', '1376153416906366978', '2021-03-28 21:13:14', NULL, 0);
INSERT INTO `bms_comment` VALUES ('1376160463555190786', 'blog', '4234', '1376152073940574209', '1376153416906366978', '2021-03-28 21:13:17', NULL, 0);
INSERT INTO `bms_comment` VALUES ('1376450993128247297', 'blog', 'das', '1376152073940574209', '1376153416906366978', '2021-03-29 16:27:45', NULL, 0);
INSERT INTO `bms_comment` VALUES ('1376495908918956033', 'blog', 'test', '1376152073940574209', '1376153416906366978', '2021-03-29 19:26:13', NULL, 0);
INSERT INTO `bms_comment` VALUES ('1376496110639812609', 'blog', 'test', '1376152073940574209', '1376153416906366978', '2021-03-29 19:27:02', NULL, 0);
INSERT INTO `bms_comment` VALUES ('1376496173051056130', 'blog', 'test01', '1376152073940574209', '1376153416906366978', '2021-03-29 19:27:16', NULL, 0);
INSERT INTO `bms_comment` VALUES ('1381144814038605826', 'blog', '写的很好', '1349290158897311745', '1381144351738224641', '2021-04-11 15:19:19', NULL, 0);
INSERT INTO `bms_comment` VALUES ('1381155281658241026', 'blog', '我们', '1349290158897311745', '1381155049637732354', '2021-04-11 16:00:54', NULL, 0);
INSERT INTO `bms_comment` VALUES ('1386282953541607426', 'blog', '2314', '1376544180907843585', '1381155049637732354', '2021-04-25 19:36:27', NULL, 0);
INSERT INTO `bms_comment` VALUES ('1386936527548194818', 'blog', '你好', '1376875674339721218', '1386922974607040513', '2021-04-27 14:53:31', NULL, 0);
INSERT INTO `bms_comment` VALUES ('1386936920026009602', 'blog', '423', '1376875674339721218', '1386922974607040513', '2021-04-27 14:55:04', NULL, 0);
INSERT INTO `bms_comment` VALUES ('1386957695292301313', 'blog', 'yt', '1349290158897311745', '1386922974607040513', '2021-04-27 16:17:37', NULL, 0);
INSERT INTO `bms_comment` VALUES ('1386957821092061185', 'blog', '65', '1349290158897311745', '1386922974607040513', '2021-04-27 16:18:07', NULL, 0);
INSERT INTO `bms_comment` VALUES ('1386975460738863105', 'blog', '喝急支糖浆', '1376875674339721218', '1386975229607546881', '2021-04-27 17:28:13', NULL, 0);
INSERT INTO `bms_comment` VALUES ('1386977239622995969', 'blog', '5435', '1376875674339721218', '1386977018327322626', '2021-04-27 17:35:17', NULL, 0);
INSERT INTO `bms_comment` VALUES ('1386977940784795649', 'blog', '435', '1376153606346301441', '1386977597078360065', '2021-04-27 17:38:04', NULL, 0);
INSERT INTO `bms_comment` VALUES ('1386978073551294465', 'blog', 'hao1', '1376153606346301441', '1349631541260595202', '2021-04-27 17:38:36', NULL, 0);
INSERT INTO `bms_comment` VALUES ('1386979414851964929', 'blog', 'woye1', '1376152073940574209', '1386978221413093378', '2021-04-27 17:43:56', NULL, 0);
INSERT INTO `bms_comment` VALUES ('1387021364623822849', 'blog', '真不错', '1349290158897311745', '1386977018327322626', '2021-04-27 20:30:38', NULL, 0);
INSERT INTO `bms_comment` VALUES ('1387028449528782850', 'blog', '3245', '1376875674339721218', '1387021140945784834', '2021-04-27 20:58:47', NULL, 0);
INSERT INTO `bms_comment` VALUES ('1387291478271086594', 'blog', '真不错', '1349290158897311745', '1386975229607546881', '2021-04-28 14:23:58', NULL, 0);
INSERT INTO `bms_comment` VALUES ('1387291634026565634', 'blog', '真不错', '1349290158897311745', '1381155049637732354', '2021-04-28 14:24:35', NULL, 0);
INSERT INTO `bms_comment` VALUES ('1387291879368183810', 'blog', '敲代码', '1349290158897311745', '1386978934839037954', '2021-04-28 14:25:33', NULL, 0);
INSERT INTO `bms_comment` VALUES ('1387293065638989826', 'blog', '很好', '1376875674339721218', '1386978221413093378', '2021-04-28 14:30:16', NULL, 0);
INSERT INTO `bms_comment` VALUES ('1388100268058923010', 'blog', '挺好', '1349290158897311745', '1388095703674662913', '2021-04-30 19:57:48', NULL, 0);
INSERT INTO `bms_comment` VALUES ('1390983328819548162', 'blog', '恢复慢', '1349290158897311745', '1390278661395345410', '2021-05-08 18:54:03', NULL, 0);
INSERT INTO `bms_comment` VALUES ('1392090169276325890', 'blog', '健康', '1376875674339721218', '1391637191973138433', '2021-05-11 20:12:14', NULL, 0);
INSERT INTO `bms_comment` VALUES ('1392309686527012865', 'blog', '很好', '1349290158897311745', '1391636590337978369', '2021-05-12 10:44:31', NULL, 0);
INSERT INTO `bms_comment` VALUES ('1392313827110367234', 'blog', '写的什么', '1349290158897311745', '1376153416906366978', '2021-05-12 11:00:59', NULL, 0);
INSERT INTO `bms_comment` VALUES ('1393882180396507138', 'blog', '22', '1349290158897311745', '1392446858211041281', '2021-05-16 18:53:03', NULL, 0);
INSERT INTO `bms_comment` VALUES ('1397171917290987521', 'blog', '有用？', '1397163373959307265', '1397171543813382146', '2021-05-25 20:45:18', NULL, 0);
INSERT INTO `bms_comment` VALUES ('1400778504538234881', 'blog', '评论怎么不显示', '1400776833187782657', '1400777681410269185', '2021-06-04 19:36:35', NULL, 0);

-- ----------------------------
-- Table structure for bms_comments_reply
-- ----------------------------
DROP TABLE IF EXISTS `bms_comments_reply`;
CREATE TABLE `bms_comments_reply`  (
  `id` varchar(255) CHARACTER SET utf8mb4 COLLATE utf8mb4_0900_ai_ci NOT NULL,
  `comment_id` varchar(255) CHARACTER SET utf8mb4 COLLATE utf8mb4_0900_ai_ci NULL DEFAULT NULL,
  `from_id` varchar(255) CHARACTER SET utf8mb4 COLLATE utf8mb4_0900_ai_ci NULL DEFAULT NULL COMMENT '评论者的id',
  `from_name` varchar(255) CHARACTER SET utf8mb4 COLLATE utf8mb4_0900_ai_ci NULL DEFAULT NULL COMMENT '评论者的名字',
  `from_avatar` varchar(255) CHARACTER SET utf8mb4 COLLATE utf8mb4_0900_ai_ci NULL DEFAULT NULL COMMENT '评论者的头像链接',
  `to_id` varchar(255) CHARACTER SET utf8mb4 COLLATE utf8mb4_0900_ai_ci NULL DEFAULT NULL COMMENT '被评论者的id',
  `to_name` varchar(255) CHARACTER SET utf8mb4 COLLATE utf8mb4_0900_ai_ci NULL DEFAULT NULL COMMENT '被评论者的名字',
  `to_avatar` varchar(255) CHARACTER SET utf8mb4 COLLATE utf8mb4_0900_ai_ci NULL DEFAULT NULL COMMENT '被评论者的头像链接',
  `star_num` varchar(255) CHARACTER SET utf8mb4 COLLATE utf8mb4_0900_ai_ci NULL DEFAULT NULL COMMENT '评论的点赞数',
  `content` varchar(255) CHARACTER SET utf8mb4 COLLATE utf8mb4_0900_ai_ci NULL DEFAULT NULL COMMENT '评论的点赞数',
  `create_time` datetime(6) NULL DEFAULT NULL COMMENT '评论的点赞数',
  PRIMARY KEY (`id`) USING BTREE
) ENGINE = InnoDB CHARACTER SET = utf8mb4 COLLATE = utf8mb4_0900_ai_ci ROW_FORMAT = DYNAMIC;

-- ----------------------------
-- Records of bms_comments_reply
-- ----------------------------

-- ----------------------------
-- Table structure for bms_follow
-- ----------------------------
DROP TABLE IF EXISTS `bms_follow`;
CREATE TABLE `bms_follow`  (
  `id` int NOT NULL AUTO_INCREMENT COMMENT '主键',
  `parent_id` varchar(20) CHARACTER SET utf8mb4 COLLATE utf8mb4_0900_ai_ci NULL DEFAULT NULL COMMENT '被关注人ID',
  `follower_id` varchar(20) CHARACTER SET utf8mb4 COLLATE utf8mb4_0900_ai_ci NULL DEFAULT NULL COMMENT '关注人ID',
  PRIMARY KEY (`id`) USING BTREE
) ENGINE = InnoDB AUTO_INCREMENT = 140 CHARACTER SET = utf8mb4 COLLATE = utf8mb4_0900_ai_ci COMMENT = '用户关注' ROW_FORMAT = DYNAMIC;

-- ----------------------------
-- Records of bms_follow
-- ----------------------------
INSERT INTO `bms_follow` VALUES (85, '1349618748226658305', '1349290158897311745');
INSERT INTO `bms_follow` VALUES (129, '1349290158897311745', '1349618748226658305');
INSERT INTO `bms_follow` VALUES (131, '1376152073940574209', '1376153606346301441');
INSERT INTO `bms_follow` VALUES (132, '1376152073940574209', '1349290158897311745');
INSERT INTO `bms_follow` VALUES (134, '1349290158897311745', '1376875674339721218');
INSERT INTO `bms_follow` VALUES (136, '1349290158897311745', '1397163373959307265');
INSERT INTO `bms_follow` VALUES (137, '1397163373959307265', '1349290158897311745');
INSERT INTO `bms_follow` VALUES (138, '1376875674339721218', '1397906311634558978');
INSERT INTO `bms_follow` VALUES (139, '1399174001057669121', '1349290158897311745');

-- ----------------------------
-- Table structure for bms_post
-- ----------------------------
DROP TABLE IF EXISTS `bms_post`;
CREATE TABLE `bms_post`  (
  `id` varchar(20) CHARACTER SET utf8 COLLATE utf8_general_ci NOT NULL COMMENT '主键',
  `title` varchar(255) CHARACTER SET utf8 COLLATE utf8_general_ci NOT NULL DEFAULT '' COMMENT '标题',
  `content` longtext CHARACTER SET utf8 COLLATE utf8_general_ci NULL COMMENT 'markdown内容',
  `user_id` varchar(20) CHARACTER SET utf8 COLLATE utf8_general_ci NOT NULL COMMENT '作者ID',
  `comments` int NOT NULL DEFAULT 0 COMMENT '评论统计',
  `collects` int NOT NULL DEFAULT 0 COMMENT '收藏统计',
  `view` int NOT NULL DEFAULT 0 COMMENT '浏览统计',
  `top` bit(1) NOT NULL DEFAULT b'0' COMMENT '是否置顶，1-是，0-否',
  `essence` bit(1) NOT NULL DEFAULT b'0' COMMENT '是否加精，1-是，0-否',
  `section_id` int NULL DEFAULT 0 COMMENT '专栏ID',
  `create_time` datetime NOT NULL COMMENT '发布时间',
  `modify_time` datetime NULL DEFAULT NULL COMMENT '修改时间',
  INDEX `user_id`(`user_id`) USING BTREE,
  INDEX `create_time`(`create_time`) USING BTREE,
  INDEX `title`(`title`) USING BTREE
) ENGINE = InnoDB CHARACTER SET = utf8 COLLATE = utf8_general_ci COMMENT = '话题表' ROW_FORMAT = DYNAMIC;

-- ----------------------------
-- Records of bms_post
-- ----------------------------
INSERT INTO `bms_post` VALUES ('1333447953558765569', '1', '12\n2\n\n', '1349290158897311745', 0, 0, 81, b'0', b'0', 0, '2021-04-01 00:29:01', '2020-12-03 23:56:51');
INSERT INTO `bms_post` VALUES ('1349362401438392322', '2021 健康，快乐', '2021的`FLAG`\n\n1. 技能进步\n2. 没有烦恼\n3. 发财 :smile:\n\n', '1349290158897311745', 0, 0, 31, b'1', b'1', 0, '2021-04-13 22:27:21', '2021-01-14 17:30:13');
INSERT INTO `bms_post` VALUES ('1386969440402714625', '胃溃疡', '2313\n\n', '1349290158897311745', 0, 0, 10, b'0', b'0', 0, '2021-04-27 17:04:18', '2021-05-26 15:48:00');
INSERT INTO `bms_post` VALUES ('1376153416906366978', 'java开发', 'asf\n\n', '1376152073940574209', 0, 0, 216, b'0', b'0', 0, '2021-04-28 20:45:17', '2021-05-12 18:46:00');
INSERT INTO `bms_post` VALUES ('1386922974607040513', 'fe', '2141231413\n\n', '1376875674339721218', 0, 0, 29, b'0', b'0', 0, '2021-04-27 13:59:40', NULL);
INSERT INTO `bms_post` VALUES ('1334481725322297346', 'hello，spring-security', ':hibiscus: spring-security\n\n', '1349290158897311745', 0, 0, 58, b'0', b'0', 0, '2021-04-03 20:56:51', NULL);
INSERT INTO `bms_post` VALUES ('1381144351738224641', 'test00001', 'test01\n\n', '1349290158897311745', 0, 0, 21, b'0', b'0', 0, '2021-04-11 15:17:29', NULL);
INSERT INTO `bms_post` VALUES ('1387217248917528578', '中暑', 'sfads\n特为让6253222222254踢个人分如21v5rrgfgf23r333243252425242242624\nsfads\n特为让6253222222254踢个人分如21v5rrgfgf23r333243252425242242624\n\nsfads\n特为让6253222222254踢个人分如21v5rrgfgf23r333243252425242242624\n\n\n', '1376875674339721218', 0, 0, 20, b'0', b'0', 0, '2021-04-28 09:29:00', '2021-04-28 14:41:34');
INSERT INTO `bms_post` VALUES ('1387997613756219393', '你好', '开始***\n\n', '1376875674339721218', 0, 0, 9, b'0', b'0', 0, '2021-04-30 13:09:54', NULL);
INSERT INTO `bms_post` VALUES ('1381149498900013057', '健康恢复', 'asdr\n\n', '1349290158897311745', 0, 0, 12, b'0', b'0', 0, '2021-04-06 15:37:56', '2021-04-11 15:38:51');
INSERT INTO `bms_post` VALUES ('1387021140945784834', '变法', '4214\n\n', '1376153606346301441', 0, 0, 16, b'0', b'0', 0, '2021-04-27 20:29:44', NULL);
INSERT INTO `bms_post` VALUES ('1386975229607546881', '咳嗽', '0001\n\n', '1349290158897311745', 0, 0, 11, b'0', b'0', 0, '2021-04-27 17:27:18', NULL);
INSERT INTO `bms_post` VALUES ('1381155049637732354', '咳嗽恢复', '4728147532765\n\n', '1349290158897311745', 0, 0, 203, b'0', b'0', 0, '2021-04-17 15:59:59', '2021-04-20 09:38:01');
INSERT INTO `bms_post` VALUES ('1332650453142827009', '哈哈哈，helloworld', '这是第一篇哦\n\n> hi :handshake: 你好\n\n`hello world`\n\n:+1: 很好\n', '1349290158897311745', 0, 0, 34, b'0', b'0', 1, '2021-04-28 19:40:02', '2020-11-28 19:46:39');
INSERT INTO `bms_post` VALUES ('1333432347031646209', '哈哈哈，换了个dark主题', '主题更换为Dark\n\n', '1349290158897311745', 0, 0, 10, b'0', b'0', 0, '2021-04-08 23:27:00', NULL);
INSERT INTO `bms_post` VALUES ('1386978221413093378', '喉咙痛', '21421\n\n', '1376153606346301441', 0, 0, 11, b'0', b'0', 0, '2021-04-27 17:39:11', NULL);
INSERT INTO `bms_post` VALUES ('1333668258587750401', '嘿嘿，测试一下啊', '大家好\n`Hello everyone!`\n\n\n\n', '1349290158897311745', 0, 0, 12, b'0', b'0', 0, '2020-12-01 15:04:26', '2020-12-01 16:49:14');
INSERT INTO `bms_post` VALUES ('1388056638329892865', '图片显', '[![](http://127.0.0.1:8000/image/2021-04-30/1.jpg)](http://127.0.0.1:8000/image/2021-04-30/1.jpg)\n\n', '1349290158897311745', 0, 0, 8, b'0', b'0', 0, '2021-04-30 17:04:26', NULL);
INSERT INTO `bms_post` VALUES ('1388051736434225153', '图片显示', '[http://127.0.0.1:8000/image/2021-04-30/1.jpg](http://127.0.0.1:8000/image/2021-04-30/1.jpg)\n\n', '1349290158897311745', 0, 0, 7, b'0', b'0', 0, '2021-04-30 16:44:57', NULL);
INSERT INTO `bms_post` VALUES ('1386977018327322626', '头痛', '001\n\n', '1376875674339721218', 0, 0, 7, b'0', b'0', 0, '2021-04-27 17:34:25', NULL);
INSERT INTO `bms_post` VALUES ('1388056795779870722', '学号', '[![](http://127.0.0.1:8000/image/2021-04-30/17204227-俞方清.jpg)](http://127.0.0.1:8000/image/2021-04-30/17204227-俞方清.jpg)\n\n', '1349290158897311745', 0, 0, 6, b'0', b'0', 0, '2021-04-30 17:05:04', NULL);
INSERT INTO `bms_post` VALUES ('1332682473151635458', '我要发财', '2021 冲冲冲！！！\n\n', '1349290158897311745', 0, 0, 97, b'0', b'0', 2, '2021-04-01 21:47:16', '2020-11-30 19:40:22');
INSERT INTO `bms_post` VALUES ('1333695976536748034', '最新版本介绍，同步更新！', '<p align=center>一款基于SpringBoot构建的智慧社区系统</p>\n\n<p align=center>\n<a href=\"https://github.com/1020317774/rhapsody-admin/stargazers\"><img alt=\"GitHub release\" src=\"https://img.shields.io/github/release/1020317774/rhapsody-admin?style=flat-square\"></a>\n<a href=\"https://github.com/1020317774/rhapsody-admin/blob/main/LICENSE\"><img alt=\"GitHub license\" src=\"https://img.shields.io/github/license/1020317774/rhapsody-admin\"></a>\n</p>\n\n### Hi there :wave:\n\n<!--\n**1020317774/1020317774** is a :sparkles: _special_ :sparkles: repository because its `README.md` (this file) appears on your GitHub profile.\n\nHere are some ideas to get you started:\n\n- :telescope: I’m currently working on ...\n- :seedling: I’m currently learning ...\n- :dancers: I’m looking to collaborate on ...\n- :thinking: I’m looking for help with ...\n- :speech_balloon: Ask me about ...\n- :mailbox: How to reach me: ...\n- :smile: Pronouns: ...\n- :zap: Fun fact: ...\n-->\n\n[![1020317774\'s github stats](https://github-readme-stats.vercel.app/api?username=1020317774&show_icons=true&count_private=true)](https://github.com/1020317774)\n\n[![Top Langs](https://github-readme-stats.vercel.app/api/top-langs/?username=1020317774&layout=compact)](https://github.com/1020317774)\n---------\n\n> 作者：王一晨\n> github：[https://github.com/1020317774](https://github.com/1020317774)\n\n## 技术栈\n\n- [x] SpringBoot 2.X\n- [x] Mysql 8.X\n- [x] Mybatis\n- [x] MybatisPlus\n- [x] Redis\n- [x] Jwt\n- [x] FastJson\n- [x] Hutool\n- [x] Lombok\n- [ ] ElasticSearch\n\n……\n\n## 安装指导\n\n- 克隆\n\n```java\ngit clone https://github.com/1020317774/rhapsody-admin.git\n```\n\n- 修改`application.properties`选择环境\n- 修改多环境配置中的redis参数和数据库\n- 启动`BootApplication`\n- 访问[`http://127.0.0.1:10000`](http://127.0.0.1:10000)\n\n', '1349290158897311745', 0, 0, 51, b'1', b'1', 0, '2021-04-11 16:54:34', '2020-12-01 17:05:00');
INSERT INTO `bms_post` VALUES ('1349631541260595202', '权限部分 OK', '1. 创建 ok\n2. 修改 ok\n3. 删除 ok\n\n', '1349290158897311745', 0, 0, 23, b'0', b'0', 0, '2021-04-08 16:16:49', '2021-01-14 16:18:53');
INSERT INTO `bms_post` VALUES ('1333676096156528641', '测试', '测试\n\n', '1349290158897311745', 0, 0, 39, b'0', b'0', 0, '2020-12-01 15:35:34', NULL);
INSERT INTO `bms_post` VALUES ('1332681213400817665', '聚合查询并统计', '* [x] SQL：\n\n```sql\nSELECT s.*,\nCOUNT(t.id) AS topics\nFROM section s\nLEFT JOIN topic t\nON s.id = t.section_id\nGROUP BY s.title\n```\n\n', '1349290158897311745', 0, 0, 56, b'0', b'0', 1, '2020-11-28 21:42:16', '2020-11-29 15:00:42');
INSERT INTO `bms_post` VALUES ('1386977597078360065', '脚痛', '213\n\n', '1376875674339721218', 0, 0, 8, b'0', b'0', 0, '2021-04-27 17:36:43', NULL);
INSERT INTO `bms_post` VALUES ('1386978934839037954', '脱发', 'rewqe\n\n', '1376153606346301441', 0, 0, 16, b'0', b'0', 0, '2021-04-27 17:42:02', NULL);
INSERT INTO `bms_post` VALUES ('1335149981733449729', '视频嵌入', ':+1:\n\n[https://www.bilibili.com/video/BV1w64y1f7w3](https://www.bilibili.com/video/BV1w64y1f7w3)\n\n[1](https://www.bilibili.com/video/BV1tp4y1x72w)\n\n```\n.vditor-reset pre > code\n```\n\n```\npublic class HelloWorld {\n\npublic static void main(String[] args) {\n    System.out.println(\"Hello World!\");\n}\n}\n```\n\n', '1349290158897311745', 0, 0, 54, b'0', b'0', 0, '2020-12-05 17:12:16', '2021-01-14 13:06:16');
INSERT INTO `bms_post` VALUES ('1388095703674662913', '你好', '的奖励[![](http://127.0.0.1:8000/image/2021-04-30/QQ图片20210412140858.png)](http://127.0.0.1:8000/image/2021-04-30/QQ图片20210412140858.png)\n\n', '1349290158897311745', 0, 0, 15, b'0', b'0', 0, '2021-04-30 19:39:40', NULL);
INSERT INTO `bms_post` VALUES ('1390276581733593089', '中暑恢复01', '麝香\n\n', '1376875674339721218', 0, 0, 15, b'0', b'0', 0, '2021-05-06 20:05:42', '2021-05-07 13:46:38');
INSERT INTO `bms_post` VALUES ('1390278448526028802', '恢复01', '333\n\n', '1376875674339721218', 0, 0, 7, b'0', b'0', 0, '2021-05-06 20:13:07', '2021-05-07 13:25:50');
INSERT INTO `bms_post` VALUES ('1390278661395345410', '中暑03', '4444\n\n', '1376875674339721218', 0, 0, 32, b'0', b'0', 0, '2021-05-06 20:13:58', NULL);
INSERT INTO `bms_post` VALUES ('1391636590337978369', '补充C', '111\n\n', '1349290158897311745', 0, 0, 9, b'0', b'0', 0, '2021-05-10 14:09:53', '2021-05-10 14:11:24');
INSERT INTO `bms_post` VALUES ('1391637191973138433', 'java web', 'servlet\n\n', '1349290158897311745', 0, 0, 61, b'0', b'0', 0, '2021-05-10 14:12:17', NULL);
INSERT INTO `bms_post` VALUES ('1392446858211041281', '风寒感冒恢复一', '上医院\n打吊针\n\n', '1349290158897311745', 0, 0, 13, b'0', b'0', 0, '2021-05-12 19:49:36', '2021-05-26 09:22:41');
INSERT INTO `bms_post` VALUES ('1393882392355659778', '天气变冷', '多穿衣服\n\n', '1349290158897311745', 0, 0, 1, b'0', b'0', 0, '2021-05-16 18:53:54', NULL);
INSERT INTO `bms_post` VALUES ('1393882416485490690', '天气变冷', '多穿衣服\n\n', '1349290158897311745', 0, 0, 3, b'0', b'0', 0, '2021-05-16 18:54:00', NULL);
INSERT INTO `bms_post` VALUES ('1393882886255927298', '中暑', '藿香正气水\n\n', '1349290158897311745', 0, 0, 5, b'0', b'0', 0, '2021-05-16 18:55:52', '2021-05-25 20:39:13');
INSERT INTO `bms_post` VALUES ('1393883253924421633', '中暑一', '清凉油\n可乐\n\n', '1349290158897311745', 0, 0, 14, b'0', b'0', 0, '2021-05-16 18:57:19', '2021-05-26 11:39:37');
INSERT INTO `bms_post` VALUES ('1393899821496524801', '破伤风', '到医院打\n\n', '1349290158897311745', 0, 0, 17, b'0', b'0', 0, '2021-05-16 20:03:10', NULL);
INSERT INTO `bms_post` VALUES ('1397156524388122626', '胃病', '多喝热水[![](http://127.0.0.1:8088/image/2021-05-25/wallpaper.png)](http://127.0.0.1:8088/image/2021-05-25/wallpaper.png)\n\n', '1349290158897311745', 0, 0, 12, b'0', b'0', 0, '2021-05-25 19:44:08', '2021-05-25 20:10:14');
INSERT INTO `bms_post` VALUES ('1397165882937434114', '熬夜恢复', '熬夜\n伤身体\n\n', '1397163373959307265', 0, 0, 3, b'0', b'0', 0, '2021-05-25 20:21:19', '2021-05-25 20:44:50');
INSERT INTO `bms_post` VALUES ('1397170829477273601', '喝热水能治胃病', '喝热水\n\n', '1349290158897311745', 0, 0, 6, b'0', b'0', 0, '2021-05-25 20:40:59', NULL);
INSERT INTO `bms_post` VALUES ('1397171543813382146', '熬夜---褪黑素', '褪黑素\n\n', '1397163373959307265', 0, 0, 15, b'0', b'0', 0, '2021-05-25 20:43:49', NULL);
INSERT INTO `bms_post` VALUES ('1397397108503752706', '中暑002', '喝药\n\n', '1349290158897311745', 0, 0, 2, b'0', b'0', 0, '2021-05-26 11:40:08', NULL);
INSERT INTO `bms_post` VALUES ('1397398712854392834', 'test0001', '而认为我认为***8888\n\n', '1349290158897311745', 0, 0, 5, b'0', b'0', 0, '2021-05-26 11:46:30', NULL);
INSERT INTO `bms_post` VALUES ('1397458946423672833', '胃疼', '喝热水\n\n', '1397458677065469954', 0, 0, 1, b'0', b'0', 0, '2021-05-26 15:45:51', NULL);
INSERT INTO `bms_post` VALUES ('1397906299584323586', '头痛', '喝感冒药\n\n', '1349290158897311745', 0, 0, 3, b'0', b'0', 0, '2021-05-27 21:23:28', NULL);
INSERT INTO `bms_post` VALUES ('1397906638064656385', '来了', '今天赶上学校打疫苗末班车。\n\n', '1397906311634558978', 0, 0, 5, b'0', b'0', 0, '2021-05-27 21:24:49', NULL);
INSERT INTO `bms_post` VALUES ('1398243257451880450', '今天不舒服', '喝水\n[![](http://114.55.56.132:8000/image/2021-05-28/-626903462.png)](http://114.55.56.132:8000/image/2021-05-28/-626903462.png)\n\n', '1349290158897311745', 0, 0, 9, b'0', b'0', 0, '2021-05-28 19:42:25', '2021-05-28 19:42:46');
INSERT INTO `bms_post` VALUES ('1399175340319907841', '永彬Ryan.B：放个大招给你看', '[![](http://114.55.56.132:8000/image/2021-05-31/061bc567d7aeee08f0c169d1bd9bf69.jpg)](http://114.55.56.132:8000/image/2021-05-31/061bc567d7aeee08f0c169d1bd9bf69.jpg)\n\n', '1399174001057669121', 0, 0, 4, b'0', b'0', 0, '2021-05-31 09:26:11', NULL);
INSERT INTO `bms_post` VALUES ('1399695791416745986', '胃疼002', '> > [![](http://114.55.56.132:8000/image/2021-06-01/默认文件1622548204040.png)](http://114.55.56.132:8000/image/2021-06-01/默认文件1622548204040.png)[![](http://114.55.56.132:8000/image/2021-06-01/3.png)](http://114.55.56.132:8000/image/2021-06-01/3.png)[![](http://114.55.56.132:8000/image/2021-06-01/2.png)](http://114.55.56.132:8000/image/2021-06-01/2.png)\n\n\n', '1349290158897311745', 0, 0, 4, b'0', b'0', 0, '2021-06-01 19:54:16', NULL);
INSERT INTO `bms_post` VALUES ('1400777676712648705', '花式熬夜', '花式熬夜好处一快乐\n\n', '1400776833187782657', 0, 0, 1, b'0', b'0', 0, '2021-06-04 19:33:18', NULL);
INSERT INTO `bms_post` VALUES ('1400777681410269185', '花式熬夜', '花式熬夜好处一快乐\n\n', '1400776833187782657', 0, 0, 1, b'0', b'0', 0, '2021-06-04 19:33:19', NULL);
INSERT INTO `bms_post` VALUES ('1400777683301900289', '花式熬夜', '花式熬夜好处一快乐\n\n', '1400776833187782657', 0, 0, 1, b'0', b'0', 0, '2021-06-04 19:33:20', NULL);

-- ----------------------------
-- Table structure for bms_post_tag
-- ----------------------------
DROP TABLE IF EXISTS `bms_post_tag`;
CREATE TABLE `bms_post_tag`  (
  `id` int NOT NULL AUTO_INCREMENT COMMENT '主键',
  `tag_id` varchar(20) CHARACTER SET utf8 COLLATE utf8_general_ci NOT NULL COMMENT '标签ID',
  `topic_id` varchar(20) CHARACTER SET utf8 COLLATE utf8_general_ci NOT NULL COMMENT '话题ID',
  PRIMARY KEY (`id`) USING BTREE,
  INDEX `tag_id`(`tag_id`) USING BTREE,
  INDEX `topic_id`(`topic_id`) USING BTREE
) ENGINE = InnoDB AUTO_INCREMENT = 177 CHARACTER SET = utf8 COLLATE = utf8_general_ci COMMENT = '话题-标签 中间表' ROW_FORMAT = DYNAMIC;

-- ----------------------------
-- Records of bms_post_tag
-- ----------------------------
INSERT INTO `bms_post_tag` VALUES (36, '1332650453377708034', '1332650453142827009');
INSERT INTO `bms_post_tag` VALUES (37, '1332681213568589825', '1332681213400817665');
INSERT INTO `bms_post_tag` VALUES (38, '1332681213631504385', '1332681213400817665');
INSERT INTO `bms_post_tag` VALUES (39, '1332682473218744321', '1332682473151635458');
INSERT INTO `bms_post_tag` VALUES (40, '1332913064463794178', '1332913064396685314');
INSERT INTO `bms_post_tag` VALUES (41, '1332913064530903041', '1332913064396685314');
INSERT INTO `bms_post_tag` VALUES (42, '1333432347107143681', '1333432347031646209');
INSERT INTO `bms_post_tag` VALUES (43, '1333432347107143682', '1333432347031646209');
INSERT INTO `bms_post_tag` VALUES (44, '1333447953697177602', '1333447953558765569');
INSERT INTO `bms_post_tag` VALUES (45, '1332913064463794178', '1333668258587750401');
INSERT INTO `bms_post_tag` VALUES (46, '1333676096320106498', '1333676096156528641');
INSERT INTO `bms_post_tag` VALUES (47, '1333695976742268930', '1333695976536748034');
INSERT INTO `bms_post_tag` VALUES (48, '1334481725519429634', '1334481725322297346');
INSERT INTO `bms_post_tag` VALUES (49, '1333447953697177602', '1335149981733449729');
INSERT INTO `bms_post_tag` VALUES (50, '1349362401597775874', '1349362401438392322');
INSERT INTO `bms_post_tag` VALUES (51, '1349631541306732545', '1349631541260595202');
INSERT INTO `bms_post_tag` VALUES (53, '1332650453377708034', '1381144351738224641');
INSERT INTO `bms_post_tag` VALUES (54, '1332650453377708034', '1381149498900013057');
INSERT INTO `bms_post_tag` VALUES (55, '1381149498900013058', '1381149498900013057');
INSERT INTO `bms_post_tag` VALUES (103, '1332650453377708034', '1381155049637732354');
INSERT INTO `bms_post_tag` VALUES (104, '1382602930720780290', '1381155049637732354');
INSERT INTO `bms_post_tag` VALUES (105, '1333676096320106498', '1381155049637732354');
INSERT INTO `bms_post_tag` VALUES (106, '1386922975743696898', '1386922974607040513');
INSERT INTO `bms_post_tag` VALUES (108, '1386975229938896897', '1386975229607546881');
INSERT INTO `bms_post_tag` VALUES (109, '1386977019044548609', '1386977018327322626');
INSERT INTO `bms_post_tag` VALUES (110, '1386977597204189185', '1386977597078360065');
INSERT INTO `bms_post_tag` VALUES (111, '1386978221484396546', '1386978221413093378');
INSERT INTO `bms_post_tag` VALUES (112, '1386978934973255681', '1386978934839037954');
INSERT INTO `bms_post_tag` VALUES (113, '1387021141541376002', '1387021140945784834');
INSERT INTO `bms_post_tag` VALUES (116, '1387217249446010882', '1387217248917528578');
INSERT INTO `bms_post_tag` VALUES (117, '1387997615408775170', '1387997613756219393');
INSERT INTO `bms_post_tag` VALUES (118, '1388051739986800642', '1388051736434225153');
INSERT INTO `bms_post_tag` VALUES (119, '1387997615408775170', '1388056638329892865');
INSERT INTO `bms_post_tag` VALUES (120, '1387997615408775170', '1388056795779870722');
INSERT INTO `bms_post_tag` VALUES (121, '1388095704396083202', '1388095703674662913');
INSERT INTO `bms_post_tag` VALUES (124, '1390223525268586497', '1390278661395345410');
INSERT INTO `bms_post_tag` VALUES (125, '1390223525268586497', '1390278448526028802');
INSERT INTO `bms_post_tag` VALUES (126, '1390223525268586497', '1390276581733593089');
INSERT INTO `bms_post_tag` VALUES (129, '1390223525268586497', '1391636590337978369');
INSERT INTO `bms_post_tag` VALUES (130, '1332650453377708034', '1391637191973138433');
INSERT INTO `bms_post_tag` VALUES (131, '1332650453377708034', '1376153416906366978');
INSERT INTO `bms_post_tag` VALUES (132, '1333432347107143682', '1376153416906366978');
INSERT INTO `bms_post_tag` VALUES (134, '1392446444375842817', '1393882392355659778');
INSERT INTO `bms_post_tag` VALUES (135, '1392446444375842817', '1393882416485490690');
INSERT INTO `bms_post_tag` VALUES (141, '1393899822025007105', '1393899821496524801');
INSERT INTO `bms_post_tag` VALUES (148, '1386969441409347585', '1397156524388122626');
INSERT INTO `bms_post_tag` VALUES (150, '1393882887296114690', '1393882886255927298');
INSERT INTO `bms_post_tag` VALUES (151, '1387997615408775170', '1393882886255927298');
INSERT INTO `bms_post_tag` VALUES (152, '1386969441409347585', '1397170829477273601');
INSERT INTO `bms_post_tag` VALUES (153, '1397165883197480962', '1397171543813382146');
INSERT INTO `bms_post_tag` VALUES (154, '1397165883197480962', '1397165882937434114');
INSERT INTO `bms_post_tag` VALUES (155, '1392446444375842817', '1392446858211041281');
INSERT INTO `bms_post_tag` VALUES (156, '1387997615408775170', '1393883253924421633');
INSERT INTO `bms_post_tag` VALUES (157, '1387997615408775170', '1397397108503752706');
INSERT INTO `bms_post_tag` VALUES (158, '1397398713512898561', '1397398712854392834');
INSERT INTO `bms_post_tag` VALUES (159, '1386969441409347585', '1397458946423672833');
INSERT INTO `bms_post_tag` VALUES (160, '1386969441409347585', '1386969440402714625');
INSERT INTO `bms_post_tag` VALUES (161, '1397906301652115458', '1397906299584323586');
INSERT INTO `bms_post_tag` VALUES (162, '1397906639037734914', '1397906638064656385');
INSERT INTO `bms_post_tag` VALUES (164, '1398243260694077442', '1398243257451880450');
INSERT INTO `bms_post_tag` VALUES (166, '1399175340974219265', '1399175340319907841');
INSERT INTO `bms_post_tag` VALUES (168, '1399695792201080834', '1399695791416745986');
INSERT INTO `bms_post_tag` VALUES (171, '1400777677425680385', '1400777676712648705');
INSERT INTO `bms_post_tag` VALUES (172, '1400777677476012033', '1400777676712648705');
INSERT INTO `bms_post_tag` VALUES (173, '1400777677425680385', '1400777681410269185');
INSERT INTO `bms_post_tag` VALUES (174, '1400777677476012033', '1400777681410269185');
INSERT INTO `bms_post_tag` VALUES (175, '1400777677425680385', '1400777683301900289');
INSERT INTO `bms_post_tag` VALUES (176, '1400777677476012033', '1400777683301900289');

-- ----------------------------
-- Table structure for bms_promotion
-- ----------------------------
DROP TABLE IF EXISTS `bms_promotion`;
CREATE TABLE `bms_promotion`  (
  `id` int NOT NULL AUTO_INCREMENT COMMENT '主键',
  `title` varchar(255) CHARACTER SET utf8mb4 COLLATE utf8mb4_0900_ai_ci NULL DEFAULT NULL COMMENT '广告标题',
  `link` varchar(255) CHARACTER SET utf8mb4 COLLATE utf8mb4_0900_ai_ci NULL DEFAULT NULL COMMENT '广告链接',
  `description` varchar(255) CHARACTER SET utf8mb4 COLLATE utf8mb4_0900_ai_ci NULL DEFAULT NULL COMMENT '说明',
  PRIMARY KEY (`id`) USING BTREE
) ENGINE = InnoDB AUTO_INCREMENT = 5 CHARACTER SET = utf8mb4 COLLATE = utf8mb4_0900_ai_ci COMMENT = '广告推广表' ROW_FORMAT = DYNAMIC;

-- ----------------------------
-- Records of bms_promotion
-- ----------------------------
INSERT INTO `bms_promotion` VALUES (1, '丁香医生', 'https://dxy.com/', '丁香医生');
INSERT INTO `bms_promotion` VALUES (2, '阿里健康', 'https://www.alihealth.cn/', '阿里健康');
INSERT INTO `bms_promotion` VALUES (3, '京东健康', 'http://healthservice.jd.com/', '京东健康');
INSERT INTO `bms_promotion` VALUES (4, '百度医疗', 'www.baidu.com', '百度医疗');

-- ----------------------------
-- Table structure for bms_series
-- ----------------------------
DROP TABLE IF EXISTS `bms_series`;
CREATE TABLE `bms_series`  (
  `id` varchar(255) CHARACTER SET utf8mb4 COLLATE utf8mb4_0900_ai_ci NOT NULL,
  `title` varchar(255) CHARACTER SET utf8mb4 COLLATE utf8mb4_0900_ai_ci NULL DEFAULT NULL,
  `content` varchar(255) CHARACTER SET utf8mb4 COLLATE utf8mb4_0900_ai_ci NULL DEFAULT NULL,
  `create_time` datetime NULL DEFAULT NULL,
  `img` varchar(255) CHARACTER SET utf8mb4 COLLATE utf8mb4_0900_ai_ci NULL DEFAULT NULL,
  `user_id` varchar(255) CHARACTER SET utf8mb4 COLLATE utf8mb4_0900_ai_ci NULL DEFAULT NULL,
  `num` int NULL DEFAULT NULL,
  `modify_time` datetime NULL DEFAULT NULL,
  `top` bit(1) NULL DEFAULT NULL,
  PRIMARY KEY (`id`) USING BTREE
) ENGINE = InnoDB CHARACTER SET = utf8mb4 COLLATE = utf8mb4_0900_ai_ci ROW_FORMAT = DYNAMIC;

-- ----------------------------
-- Records of bms_series
-- ----------------------------
INSERT INTO `bms_series` VALUES ('1390223524278730754', '中暑恢复', 'aaa\n', '2021-05-06 16:34:52', '/image/series/2021-05-06/gravatar_banner_zpscef6bdf6.png', '1376875674339721218', 0, NULL, b'0');
INSERT INTO `bms_series` VALUES ('1390232254932312065', 'zhong', '222\n', '2021-05-06 17:09:33', '/image/series/2021-05-06/gravatar_banner_zpscef6bdf6.png', '1376875674339721218', 0, NULL, b'0');
INSERT INTO `bms_series` VALUES ('1390232369973682178', '111', '222\n', '2021-05-06 17:10:01', '/image/series/2021-05-06/gravatar_banner_zpscef6bdf6.png', '1376875674339721218', 0, NULL, b'0');
INSERT INTO `bms_series` VALUES ('1390241881510109185', '333', '444\n', '2021-05-06 17:47:49', '/image/series/2021-05-06/1.jpg', '1376875674339721218', 0, NULL, b'0');
INSERT INTO `bms_series` VALUES ('1390242016008855553', '333', '444\n', '2021-05-06 17:48:21', '/image/series/2021-05-06/1.jpg', '1376875674339721218', 0, NULL, b'0');
INSERT INTO `bms_series` VALUES ('1390278338916282370', '中暑恢复22', '444\n', '2021-05-06 20:12:41', '/image/series/2021-05-06/1.jpg', '1376875674339721218', 0, NULL, b'0');
INSERT INTO `bms_series` VALUES ('1391636928143028225', 'admin的合辑', '特别好\n', '2021-05-10 14:11:14', '/image/series/2021-05-10/QQ截图20210412143909.png', '1349290158897311745', 0, NULL, b'0');
INSERT INTO `bms_series` VALUES ('1392446443201437697', '风寒感冒', '一：多喝热水\n\n二：吃药\n', '2021-05-12 19:47:57', '/image/series/2021-05-12/lgog2.png', '1349290158897311745', 0, NULL, b'0');
INSERT INTO `bms_series` VALUES ('1397163036074565634', '胃病', '本专栏主要讲述胃病恢复\n', '2021-05-25 20:10:00', '/image/series/2021-05-25/图片5.png', '1349290158897311745', 0, NULL, b'0');
INSERT INTO `bms_series` VALUES ('1397171748092764161', '熬夜恢复', '七小时恢复熬夜\n', '2021-05-25 20:44:38', '/image/series/2021-05-25/88b43c1c24e748209e04a9444df97186.jpeg', '1397163373959307265', 0, NULL, b'0');

-- ----------------------------
-- Table structure for bms_series_post
-- ----------------------------
DROP TABLE IF EXISTS `bms_series_post`;
CREATE TABLE `bms_series_post`  (
  `id` int NOT NULL AUTO_INCREMENT,
  `series_id` varchar(255) CHARACTER SET utf8mb4 COLLATE utf8mb4_0900_ai_ci NULL DEFAULT NULL COMMENT '合辑id',
  `post_id` varchar(255) CHARACTER SET utf8mb4 COLLATE utf8mb4_0900_ai_ci NULL DEFAULT NULL COMMENT '文章id',
  PRIMARY KEY (`id`) USING BTREE
) ENGINE = InnoDB AUTO_INCREMENT = 32 CHARACTER SET = utf8mb4 COLLATE = utf8mb4_0900_ai_ci ROW_FORMAT = DYNAMIC;

-- ----------------------------
-- Records of bms_series_post
-- ----------------------------
INSERT INTO `bms_series_post` VALUES (1, '1390223524278730754', '1390278661395345410');
INSERT INTO `bms_series_post` VALUES (2, '1390223524278730754', '1390278448526028802');
INSERT INTO `bms_series_post` VALUES (3, '1390232254932312065', '1390276581733593089');
INSERT INTO `bms_series_post` VALUES (4, '', '1391636590337978369');
INSERT INTO `bms_series_post` VALUES (5, '1391636928143028225', '1391636590337978369');
INSERT INTO `bms_series_post` VALUES (6, '1391636928143028225', '1391637191973138433');
INSERT INTO `bms_series_post` VALUES (7, '', '1376153416906366978');
INSERT INTO `bms_series_post` VALUES (8, '1392446443201437697', '1392446858211041281');
INSERT INTO `bms_series_post` VALUES (10, '', '1393882886255927298');
INSERT INTO `bms_series_post` VALUES (11, '', '1393883253924421633');
INSERT INTO `bms_series_post` VALUES (12, '', '1393899821496524801');
INSERT INTO `bms_series_post` VALUES (13, '', '1397156524388122626');
INSERT INTO `bms_series_post` VALUES (14, '1397163036074565634', '1397156524388122626');
INSERT INTO `bms_series_post` VALUES (15, '', '1397165882937434114');
INSERT INTO `bms_series_post` VALUES (16, '1397163036074565634', '1397170829477273601');
INSERT INTO `bms_series_post` VALUES (17, '', '1397171543813382146');
INSERT INTO `bms_series_post` VALUES (18, '1397171748092764161', '1397165882937434114');
INSERT INTO `bms_series_post` VALUES (19, '1391636928143028225', '1393883253924421633');
INSERT INTO `bms_series_post` VALUES (20, '1391636928143028225', '1397397108503752706');
INSERT INTO `bms_series_post` VALUES (21, '', '1397398712854392834');
INSERT INTO `bms_series_post` VALUES (22, '', '1397458946423672833');
INSERT INTO `bms_series_post` VALUES (23, '1397163036074565634', '1386969440402714625');
INSERT INTO `bms_series_post` VALUES (24, '', '1397906299584323586');
INSERT INTO `bms_series_post` VALUES (25, '', '1397906638064656385');
INSERT INTO `bms_series_post` VALUES (26, '', '1398243257451880450');
INSERT INTO `bms_series_post` VALUES (27, '', '1399175340319907841');
INSERT INTO `bms_series_post` VALUES (28, '', '1399695791416745986');
INSERT INTO `bms_series_post` VALUES (29, '', '1400777676712648705');
INSERT INTO `bms_series_post` VALUES (30, '', '1400777681410269185');
INSERT INTO `bms_series_post` VALUES (31, '', '1400777683301900289');

-- ----------------------------
-- Table structure for bms_series_tag
-- ----------------------------
DROP TABLE IF EXISTS `bms_series_tag`;
CREATE TABLE `bms_series_tag`  (
  `id` int NOT NULL AUTO_INCREMENT,
  `series_id` varchar(20) CHARACTER SET utf8mb4 COLLATE utf8mb4_0900_ai_ci NULL DEFAULT NULL,
  `tag_id` varchar(255) CHARACTER SET utf8mb4 COLLATE utf8mb4_0900_ai_ci NULL DEFAULT NULL,
  PRIMARY KEY (`id`) USING BTREE
) ENGINE = InnoDB AUTO_INCREMENT = 11 CHARACTER SET = utf8mb4 COLLATE = utf8mb4_0900_ai_ci ROW_FORMAT = DYNAMIC;

-- ----------------------------
-- Records of bms_series_tag
-- ----------------------------
INSERT INTO `bms_series_tag` VALUES (1, '1390224118305480706', '1390223525268586497');
INSERT INTO `bms_series_tag` VALUES (2, '1390232254932312065', '1390223525268586497');
INSERT INTO `bms_series_tag` VALUES (3, '1390232369973682178', '1390223525268586497');
INSERT INTO `bms_series_tag` VALUES (4, '1390241881510109185', '1390223525268586497');
INSERT INTO `bms_series_tag` VALUES (5, '1390242016008855553', '1390223525268586497');
INSERT INTO `bms_series_tag` VALUES (6, '1390278338916282370', '1390223525268586497');
INSERT INTO `bms_series_tag` VALUES (7, '1391636928143028225', '1332650453377708034');
INSERT INTO `bms_series_tag` VALUES (8, '1392446443201437697', '1392446444375842817');
INSERT INTO `bms_series_tag` VALUES (9, '1397163036074565634', '1386969441409347585');
INSERT INTO `bms_series_tag` VALUES (10, '1397171748092764161', '1397165883197480962');

-- ----------------------------
-- Table structure for bms_star
-- ----------------------------
DROP TABLE IF EXISTS `bms_star`;
CREATE TABLE `bms_star`  (
  `id` int NOT NULL,
  `obj_id` int NULL DEFAULT NULL,
  `user_id` int NULL DEFAULT NULL,
  `star_status` int NULL DEFAULT NULL,
  PRIMARY KEY (`id`) USING BTREE
) ENGINE = InnoDB CHARACTER SET = utf8mb4 COLLATE = utf8mb4_0900_ai_ci ROW_FORMAT = DYNAMIC;

-- ----------------------------
-- Records of bms_star
-- ----------------------------

-- ----------------------------
-- Table structure for bms_tag
-- ----------------------------
DROP TABLE IF EXISTS `bms_tag`;
CREATE TABLE `bms_tag`  (
  `id` varchar(20) CHARACTER SET utf8 COLLATE utf8_general_ci NOT NULL COMMENT '标签ID',
  `name` varchar(255) CHARACTER SET utf8 COLLATE utf8_general_ci NOT NULL DEFAULT '' COMMENT '标签',
  `topic_count` int NOT NULL DEFAULT 0 COMMENT '关联话题',
  PRIMARY KEY (`id`) USING BTREE,
  UNIQUE INDEX `name`(`name`) USING BTREE
) ENGINE = InnoDB CHARACTER SET = utf8 COLLATE = utf8_general_ci COMMENT = '标签表' ROW_FORMAT = DYNAMIC;

-- ----------------------------
-- Records of bms_tag
-- ----------------------------
INSERT INTO `bms_tag` VALUES ('1332650453377708034', 'java', 9);
INSERT INTO `bms_tag` VALUES ('1332681213568589825', 'css', 1);
INSERT INTO `bms_tag` VALUES ('1332681213631504385', 'mongodb', 1);
INSERT INTO `bms_tag` VALUES ('1332682473218744321', 'python', 1);
INSERT INTO `bms_tag` VALUES ('1332913064463794178', 'vue', 2);
INSERT INTO `bms_tag` VALUES ('1332913064530903041', 'react', 1);
INSERT INTO `bms_tag` VALUES ('1333432347107143681', 'node', 1);
INSERT INTO `bms_tag` VALUES ('1333432347107143682', 'mysql', 2);
INSERT INTO `bms_tag` VALUES ('1333447953697177602', 'flask', 2);
INSERT INTO `bms_tag` VALUES ('1333676096320106498', 'spring', 5);
INSERT INTO `bms_tag` VALUES ('1333695976742268930', 'django', 1);
INSERT INTO `bms_tag` VALUES ('1334481725519429634', 'security', 1);
INSERT INTO `bms_tag` VALUES ('1349362401597775874', 'tensorflow', 1);
INSERT INTO `bms_tag` VALUES ('1349631541306732545', 'pytorch', 1);
INSERT INTO `bms_tag` VALUES ('1381149498900013058', 'springboot', 1);
INSERT INTO `bms_tag` VALUES ('1382596213396107266', 'ajax', 1);
INSERT INTO `bms_tag` VALUES ('1382599503127203841', 'jquery', 1);
INSERT INTO `bms_tag` VALUES ('1382600398153928705', 'serve', 1);
INSERT INTO `bms_tag` VALUES ('1382600506413109250', 'javafx', 1);
INSERT INTO `bms_tag` VALUES ('1382601016914432001', 'javax', 1);
INSERT INTO `bms_tag` VALUES ('1382601408322686977', 'javaswing', 1);
INSERT INTO `bms_tag` VALUES ('1382602930720780290', 'jdbc', 3);
INSERT INTO `bms_tag` VALUES ('1382649693259333634', 'springshiro', 1);
INSERT INTO `bms_tag` VALUES ('1386922975743696898', '冒虚汗', 1);
INSERT INTO `bms_tag` VALUES ('1386969441409347585', '胃病', 5);
INSERT INTO `bms_tag` VALUES ('1386975229938896897', '咳嗽', 1);
INSERT INTO `bms_tag` VALUES ('1386977019044548609', '头疼', 1);
INSERT INTO `bms_tag` VALUES ('1386977597204189185', '交通', 1);
INSERT INTO `bms_tag` VALUES ('1386978221484396546', '口干', 1);
INSERT INTO `bms_tag` VALUES ('1386978934973255681', '脱发', 1);
INSERT INTO `bms_tag` VALUES ('1387021141541376002', '发烧', 1);
INSERT INTO `bms_tag` VALUES ('1387217249446010882', '麝香', 1);
INSERT INTO `bms_tag` VALUES ('1387997615408775170', '中暑', 6);
INSERT INTO `bms_tag` VALUES ('1388051739986800642', '心电图', 1);
INSERT INTO `bms_tag` VALUES ('1388095704396083202', '体检', 1);
INSERT INTO `bms_tag` VALUES ('1390223525268586497', '胃镜', 13);
INSERT INTO `bms_tag` VALUES ('1392446444375842817', '感冒', 3);
INSERT INTO `bms_tag` VALUES ('1393882887296114690', '1中暑', 1);
INSERT INTO `bms_tag` VALUES ('1393899822025007105', '破伤风', 1);
INSERT INTO `bms_tag` VALUES ('1397165883197480962', '熬夜', 3);
INSERT INTO `bms_tag` VALUES ('1397398713512898561', 'test', 1);
INSERT INTO `bms_tag` VALUES ('1397906301652115458', '头痛', 1);
INSERT INTO `bms_tag` VALUES ('1397906639037734914', '新冠疫苗', 1);
INSERT INTO `bms_tag` VALUES ('1398243260694077442', '不舒服', 1);
INSERT INTO `bms_tag` VALUES ('1399175340974219265', '演唱会', 1);
INSERT INTO `bms_tag` VALUES ('1399695792201080834', '胃疼', 1);
INSERT INTO `bms_tag` VALUES ('1400777677425680385', '探究', 3);
INSERT INTO `bms_tag` VALUES ('1400777677476012033', '优秀', 3);

-- ----------------------------
-- Table structure for bms_tip
-- ----------------------------
DROP TABLE IF EXISTS `bms_tip`;
CREATE TABLE `bms_tip`  (
  `id` int UNSIGNED NOT NULL AUTO_INCREMENT COMMENT '主键',
  `content` varchar(1000) CHARACTER SET utf8 COLLATE utf8_general_ci NOT NULL DEFAULT '' COMMENT '内容',
  `author` varchar(50) CHARACTER SET utf8 COLLATE utf8_general_ci NULL DEFAULT '' COMMENT '作者',
  `type` tinyint NOT NULL COMMENT '1：使用，0：过期',
  PRIMARY KEY (`id`) USING BTREE
) ENGINE = InnoDB AUTO_INCREMENT = 24865 CHARACTER SET = utf8 COLLATE = utf8_general_ci COMMENT = '每日赠言' ROW_FORMAT = DYNAMIC;

-- ----------------------------
-- Records of bms_tip
-- ----------------------------
INSERT INTO `bms_tip` VALUES (1, '多锉出快锯，多做长知识。', '佚名', 1);
INSERT INTO `bms_tip` VALUES (2, '未来总留着什么给对它抱有信心的人。', '佚名', 1);
INSERT INTO `bms_tip` VALUES (3, '一个人的智慧不够用，两个人的智慧用不完。', '谚语', 1);
INSERT INTO `bms_tip` VALUES (4, '十个指头按不住十个跳蚤', '傣族', 1);
INSERT INTO `bms_tip` VALUES (5, '言不信者，行不果。', '墨子', 1);
INSERT INTO `bms_tip` VALUES (6, '攀援而登，箕踞而遨，则几数州之土壤，皆在衽席之下。', '柳宗元', 1);
INSERT INTO `bms_tip` VALUES (7, '美德大都包含在良好的习惯之内。', '帕利克', 1);
INSERT INTO `bms_tip` VALUES (8, '人有不及，可以情恕。', '《晋书》', 1);
INSERT INTO `bms_tip` VALUES (9, '明·吴惟顺', '法不传六耳', 1);
INSERT INTO `bms_tip` VALUES (10, '真正的朋友应该说真话，不管那话多么尖锐。', '奥斯特洛夫斯基', 1);
INSERT INTO `bms_tip` VALUES (11, '时间是一切财富中最宝贵的财富。', '德奥弗拉斯多', 1);
INSERT INTO `bms_tip` VALUES (12, '看人下菜碟', '民谚', 1);
INSERT INTO `bms_tip` VALUES (13, '如果不是怕别人反感，女人决不会保持完整的严肃。', '拉罗什福科', 1);
INSERT INTO `bms_tip` VALUES (14, '爱是春暖花开时对你满满的笑意', '佚名', 1);
INSERT INTO `bms_tip` VALUES (15, '希望是坚韧的拐杖，忍耐是旅行袋，携带它们，人可以登上永恒之旅。', '罗素', 1);
INSERT INTO `bms_tip` VALUES (18, '天国般的幸福，存在于对真爱的希望。', '佚名', 1);
INSERT INTO `bms_tip` VALUES (19, '我们现在必须完全保持党的纪律，否则一切都会陷入污泥中。', '马克思', 1);
INSERT INTO `bms_tip` VALUES (20, '在科学上没有平坦的大道，只有不畏劳苦沿着陡峭山路攀登的人，才有希望达到光辉的顶点。', '马克思', 1);
INSERT INTO `bms_tip` VALUES (21, '懒惰的马嫌路远', '蒙古', 1);
INSERT INTO `bms_tip` VALUES (22, '别忘记热水是由冷水烧成的', '非洲', 1);

-- ----------------------------
-- Table structure for chat_list
-- ----------------------------
DROP TABLE IF EXISTS `chat_list`;
CREATE TABLE `chat_list`  (
  `id` int NOT NULL AUTO_INCREMENT,
  `user_id` varchar(255) CHARACTER SET utf8mb4 COLLATE utf8mb4_0900_ai_ci NULL DEFAULT NULL,
  `to_id` varchar(255) CHARACTER SET utf8mb4 COLLATE utf8mb4_0900_ai_ci NULL DEFAULT NULL,
  `conversation_id` varchar(255) CHARACTER SET utf8mb4 COLLATE utf8mb4_0900_ai_ci NULL DEFAULT NULL,
  `list_status` int NOT NULL DEFAULT 0,
  PRIMARY KEY (`id`) USING BTREE
) ENGINE = InnoDB AUTO_INCREMENT = 42 CHARACTER SET = utf8mb4 COLLATE = utf8mb4_0900_ai_ci ROW_FORMAT = DYNAMIC;

-- ----------------------------
-- Records of chat_list
-- ----------------------------
INSERT INTO `chat_list` VALUES (1, '1376875674339721218', '1349290158897311745', '1376875674339721218_1349290158897311745', 0);
INSERT INTO `chat_list` VALUES (2, '1349290158897311745', '1376875674339721218', '1376875674339721218_1349290158897311745', 1);
INSERT INTO `chat_list` VALUES (3, '1376875674339721218', '1380902443216551937', '1380902443216551937_1376875674339721218', 0);
INSERT INTO `chat_list` VALUES (4, '1376875674339721218', '1381150125138960385', '1381150125138960385_1376875674339721218', 0);
INSERT INTO `chat_list` VALUES (5, '1349290158897311745', '1376152073940574209', '1376152073940574209_1349290158897311745', 0);
INSERT INTO `chat_list` VALUES (6, '1376544180907843585', '1349290158897311745', '1376544180907843585_1349290158897311745', 1);
INSERT INTO `chat_list` VALUES (7, '1376544180907843585', '1349290158897311745', '1376544180907843585_1349290158897311745', 1);
INSERT INTO `chat_list` VALUES (8, '1376544180907843585', '1349290158897311745', '1376544180907843585_1349290158897311745', 0);
INSERT INTO `chat_list` VALUES (9, '1376544180907843585', '1349290158897311745', '1376544180907843585_1349290158897311745', 0);
INSERT INTO `chat_list` VALUES (10, '1349290158897311745', '1376875674339721218', '1376875674339721218_1349290158897311745', 1);
INSERT INTO `chat_list` VALUES (11, '1376875674339721218', '1349290158897311745', '1376875674339721218_1349290158897311745', 0);
INSERT INTO `chat_list` VALUES (12, '1397163373959307265', '1349290158897311745', '1397163373959307265_1349290158897311745', 1);
INSERT INTO `chat_list` VALUES (13, '1397163373959307265', '1349290158897311745', '1397163373959307265_1349290158897311745', 1);
INSERT INTO `chat_list` VALUES (14, '1397163373959307265', '1349290158897311745', '1397163373959307265_1349290158897311745', 1);
INSERT INTO `chat_list` VALUES (15, '1397163373959307265', '1349290158897311745', '1397163373959307265_1349290158897311745', 1);
INSERT INTO `chat_list` VALUES (16, '1349290158897311745', '1397163373959307265', '1397163373959307265_1349290158897311745', 1);
INSERT INTO `chat_list` VALUES (17, '1349290158897311745', '1397163373959307265', '1397163373959307265_1349290158897311745', 1);
INSERT INTO `chat_list` VALUES (18, '1397163373959307265', '1349290158897311745', '1397163373959307265_1349290158897311745', 1);
INSERT INTO `chat_list` VALUES (19, '1397163373959307265', '1349290158897311745', '1397163373959307265_1349290158897311745', 1);
INSERT INTO `chat_list` VALUES (20, '1349290158897311745', '1397163373959307265', '1397163373959307265_1349290158897311745', 1);
INSERT INTO `chat_list` VALUES (21, '1349290158897311745', '1397163373959307265', '1397163373959307265_1349290158897311745', 1);
INSERT INTO `chat_list` VALUES (22, '1349290158897311745', '1397163373959307265', '1397163373959307265_1349290158897311745', 1);
INSERT INTO `chat_list` VALUES (23, '1349290158897311745', '1397163373959307265', '1397163373959307265_1349290158897311745', 1);
INSERT INTO `chat_list` VALUES (24, '1349290158897311745', '1397163373959307265', '1397163373959307265_1349290158897311745', 1);
INSERT INTO `chat_list` VALUES (25, '1349290158897311745', '1397163373959307265', '1397163373959307265_1349290158897311745', 1);
INSERT INTO `chat_list` VALUES (26, '1349290158897311745', '1397163373959307265', '1397163373959307265_1349290158897311745', 1);
INSERT INTO `chat_list` VALUES (27, '1397163373959307265', '1349290158897311745', '1397163373959307265_1349290158897311745', 1);
INSERT INTO `chat_list` VALUES (28, '1397163373959307265', '1349290158897311745', '1397163373959307265_1349290158897311745', 1);
INSERT INTO `chat_list` VALUES (29, '1397163373959307265', '1349290158897311745', '1397163373959307265_1349290158897311745', 0);
INSERT INTO `chat_list` VALUES (30, '1349290158897311745', '1397163373959307265', '1397163373959307265_1349290158897311745', 1);
INSERT INTO `chat_list` VALUES (31, '1349290158897311745', '1397163373959307265', '1397163373959307265_1349290158897311745', 1);
INSERT INTO `chat_list` VALUES (32, '1349290158897311745', '1397163373959307265', '1397163373959307265_1349290158897311745', 1);
INSERT INTO `chat_list` VALUES (33, '1349290158897311745', '1397163373959307265', '1397163373959307265_1349290158897311745', 1);
INSERT INTO `chat_list` VALUES (34, '1349290158897311745', '1397163373959307265', '1397163373959307265_1349290158897311745', 1);
INSERT INTO `chat_list` VALUES (35, '1349290158897311745', '1397163373959307265', '1397163373959307265_1349290158897311745', 1);
INSERT INTO `chat_list` VALUES (36, '1349290158897311745', '1397163373959307265', '1397163373959307265_1349290158897311745', 0);
INSERT INTO `chat_list` VALUES (37, '1397906311634558978', '1376875674339721218', '1397906311634558978_1376875674339721218', 0);
INSERT INTO `chat_list` VALUES (38, '1397906311634558978', '1349290158897311745', '1397906311634558978_1349290158897311745', 0);
INSERT INTO `chat_list` VALUES (39, '1349290158897311745', '1397906311634558978', '1397906311634558978_1349290158897311745', 0);
INSERT INTO `chat_list` VALUES (40, '1349290158897311745', '1399174001057669121', '1399174001057669121_1349290158897311745', 0);
INSERT INTO `chat_list` VALUES (41, '1400776833187782657', '1376875674339721218', '1400776833187782657_1376875674339721218', 0);

-- ----------------------------
-- Table structure for chat_message
-- ----------------------------
DROP TABLE IF EXISTS `chat_message`;
CREATE TABLE `chat_message`  (
  `id` int NOT NULL AUTO_INCREMENT,
  `from_id` varchar(255) CHARACTER SET utf8 COLLATE utf8_general_ci NULL DEFAULT NULL,
  `to_id` varchar(255) CHARACTER SET utf8 COLLATE utf8_general_ci NULL DEFAULT NULL,
  `conversation_id` varchar(45) CHARACTER SET utf8 COLLATE utf8_general_ci NOT NULL,
  `content` text CHARACTER SET utf8 COLLATE utf8_general_ci NULL,
  `status` int NULL DEFAULT NULL COMMENT '0-未读;1-已读;2-删除;',
  `create_time` datetime NULL DEFAULT NULL,
  PRIMARY KEY (`id`) USING BTREE,
  INDEX `index_from_id`(`from_id`) USING BTREE,
  INDEX `index_to_id`(`to_id`) USING BTREE,
  INDEX `index_conversation_id`(`conversation_id`) USING BTREE
) ENGINE = InnoDB AUTO_INCREMENT = 71 CHARACTER SET = utf8 COLLATE = utf8_general_ci ROW_FORMAT = COMPACT;

-- ----------------------------
-- Records of chat_message
-- ----------------------------
INSERT INTO `chat_message` VALUES (1, '1376875674339721218', '1349290158897311745', '1376875674339721218_1349290158897311745', '你好64', 1, '2020-12-01 15:35:34');
INSERT INTO `chat_message` VALUES (2, '1376875674339721218', '1349290158897311745', '1376875674339721218_1349290158897311745', '你好0153', 1, '2020-12-02 15:35:34');
INSERT INTO `chat_message` VALUES (3, '1376875674339721218', '1349290158897311745', '1376875674339721218_1349290158897311745', '你好024562', 1, '2020-12-04 15:35:34');
INSERT INTO `chat_message` VALUES (4, '1349290158897311745', '1376875674339721218', '1376875674339721218_1349290158897311745', '你好033522425254', 1, '2020-12-03 15:35:34');
INSERT INTO `chat_message` VALUES (5, '1349290158897311745', '1376875674339721218', '1376875674339721218_1349290158897311745', '35436265443', 1, '2020-12-05 15:35:34');
INSERT INTO `chat_message` VALUES (7, '1349290158897311745', '1376875674339721218', '1376875674339721218_1349290158897311745', '11', 1, '2021-04-21 15:27:30');
INSERT INTO `chat_message` VALUES (8, '1376875674339721218', '1349290158897311745', '1376875674339721218_1349290158897311745', '111', 1, '2021-04-21 15:46:54');
INSERT INTO `chat_message` VALUES (9, '1376875674339721218', '1349290158897311745', '1376875674339721218_1349290158897311745', '111:blush:', 1, '2021-04-21 15:46:57');
INSERT INTO `chat_message` VALUES (10, '1376875674339721218', '1349290158897311745', '1376875674339721218_1349290158897311745', '111:blush:', 1, '2021-04-21 15:46:58');
INSERT INTO `chat_message` VALUES (11, '1349290158897311745', '1376875674339721218', '1376875674339721218_1349290158897311745', '222', 1, '2021-04-21 16:07:39');
INSERT INTO `chat_message` VALUES (12, '1376875674339721218', '1349290158897311745', '1376875674339721218_1349290158897311745', '222:left-facing_fist:', 1, '2021-04-21 16:12:13');
INSERT INTO `chat_message` VALUES (13, '1349290158897311745', '1376875674339721218', '1376875674339721218_1349290158897311745', ':grin:45', 1, '2021-04-21 16:12:26');
INSERT INTO `chat_message` VALUES (14, '1349290158897311745', '1376875674339721218', '1376875674339721218_1349290158897311745', '33', 1, '2021-04-21 16:13:01');
INSERT INTO `chat_message` VALUES (15, '1349290158897311745', '1376875674339721218', '1376875674339721218_1349290158897311745', '111', 1, '2021-04-21 17:10:20');
INSERT INTO `chat_message` VALUES (16, '1376875674339721218', '1349290158897311745', '1376875674339721218_1349290158897311745', '888', 1, '2021-04-21 17:10:37');
INSERT INTO `chat_message` VALUES (17, '1376875674339721218', '1349290158897311745', '1376875674339721218_1349290158897311745', '566', 1, '2021-04-21 17:10:56');
INSERT INTO `chat_message` VALUES (20, '1376875674339721218', '1380902443216551937', '1380902443216551937_1376875674339721218', '34', 0, '2021-04-10 22:57:18');
INSERT INTO `chat_message` VALUES (21, '1349290158897311745', '1376875674339721218', '1376875674339721218_1349290158897311745', ':right-facing_fist:', 1, '2021-04-22 11:50:58');
INSERT INTO `chat_message` VALUES (22, '1349290158897311745', '1376875674339721218', '1376875674339721218_1349290158897311745', ':right-facing_fist:', 1, '2021-04-22 11:51:05');
INSERT INTO `chat_message` VALUES (23, '1349290158897311745', '1376875674339721218', '1376875674339721218_1349290158897311745', ':right-facing_fist::raised_hand_with_fingers_splayed:', 1, '2021-04-22 11:51:07');
INSERT INTO `chat_message` VALUES (24, '1349290158897311745', '1376875674339721218', '1376875674339721218_1349290158897311745', ':right-facing_fist::raised_hand_with_fingers_splayed:', 1, '2021-04-22 11:51:24');
INSERT INTO `chat_message` VALUES (25, '1380902443216551937', '1376875674339721218', '1380902443216551937_1376875674339721218', '111', 1, '2021-04-22 16:10:34');
INSERT INTO `chat_message` VALUES (26, '1376875674339721218', '1380902443216551937', '1380902443216551937_1376875674339721218', '222', 0, '2021-04-22 16:10:37');
INSERT INTO `chat_message` VALUES (27, '1380902443216551937', '1376875674339721218', '1380902443216551937_1376875674339721218', '1113:wink:', 1, '2021-04-22 16:10:42');
INSERT INTO `chat_message` VALUES (28, '1376875674339721218', '1380902443216551937', '1380902443216551937_1376875674339721218', '2224', 0, '2021-04-22 16:10:45');
INSERT INTO `chat_message` VALUES (29, '1349290158897311745', '1376875674339721218', '1376875674339721218_1349290158897311745', '532426526', 1, '2021-04-23 16:10:45');
INSERT INTO `chat_message` VALUES (30, '1376875674339721218', '1349290158897311745', '1376875674339721218_1349290158897311745', '&middot;&middot;&middot;&middot;', 1, '2021-04-23 09:25:21');
INSERT INTO `chat_message` VALUES (31, '1376875674339721218', '1349290158897311745', '1376875674339721218_1349290158897311745', '3334345', 1, '2021-04-23 09:26:18');
INSERT INTO `chat_message` VALUES (32, '1349290158897311745', '1376875674339721218', '1376875674339721218_1349290158897311745', '```', 1, '2021-04-23 17:59:38');
INSERT INTO `chat_message` VALUES (33, '1349290158897311745', '1376875674339721218', '1376875674339721218_1349290158897311745', ':fist:', 1, '2021-04-23 17:59:42');
INSERT INTO `chat_message` VALUES (34, '1376875674339721218', '1349290158897311745', '1376875674339721218_1349290158897311745', ':call_me_hand::facepunch::facepunch:', 1, '2021-04-23 17:59:49');
INSERT INTO `chat_message` VALUES (35, '1349290158897311745', '1376875674339721218', '1376875674339721218_1349290158897311745', '11', 1, '2021-04-23 19:47:43');
INSERT INTO `chat_message` VALUES (36, '1349290158897311745', '1376875674339721218', '1376875674339721218_1349290158897311745', '421', 1, '2021-04-23 20:20:40');
INSERT INTO `chat_message` VALUES (37, '1349290158897311745', '1376875674339721218', '1376875674339721218_1349290158897311745', '423', 1, '2021-04-23 20:26:15');
INSERT INTO `chat_message` VALUES (38, '1349290158897311745', '1376152073940574209', '1376152073940574209_1349290158897311745', '1243', 0, '2021-04-23 20:27:15');
INSERT INTO `chat_message` VALUES (39, '1349290158897311745', '1376152073940574209', '1376152073940574209_1349290158897311745', '534', 0, '2021-04-23 20:28:44');
INSERT INTO `chat_message` VALUES (40, '1349290158897311745', '1376152073940574209', '1376152073940574209_1349290158897311745', '4535', 0, '2021-04-23 20:29:36');
INSERT INTO `chat_message` VALUES (41, '1349290158897311745', '1376152073940574209', '1376152073940574209_1349290158897311745', '534', 0, '2021-04-23 20:31:11');
INSERT INTO `chat_message` VALUES (42, '1349290158897311745', '1376152073940574209', '1376152073940574209_1349290158897311745', '5347', 0, '2021-04-23 20:31:19');
INSERT INTO `chat_message` VALUES (43, '1349290158897311745', '1376152073940574209', '1376152073940574209_1349290158897311745', '53476', 0, '2021-04-23 20:31:36');
INSERT INTO `chat_message` VALUES (44, '1349290158897311745', '1376152073940574209', '1376152073940574209_1349290158897311745', '54', 0, '2021-04-23 20:35:11');
INSERT INTO `chat_message` VALUES (45, '1349290158897311745', '1376875674339721218', '1376875674339721218_1349290158897311745', '43', 1, '2021-04-23 20:42:29');
INSERT INTO `chat_message` VALUES (46, '1349290158897311745', '1376875674339721218', '1376875674339721218_1349290158897311745', '345', 1, '2021-04-23 20:45:01');
INSERT INTO `chat_message` VALUES (47, '1349290158897311745', '1376152073940574209', '1376152073940574209_1349290158897311745', '33', 0, '2021-04-23 20:48:42');
INSERT INTO `chat_message` VALUES (48, '1349290158897311745', '1376152073940574209', '1376152073940574209_1349290158897311745', '54', 0, '2021-04-23 20:50:36');
INSERT INTO `chat_message` VALUES (49, '1376544180907843585', '1349290158897311745', '1376544180907843585_1349290158897311745', '432', 1, '2021-04-25 20:50:16');
INSERT INTO `chat_message` VALUES (50, '1376544180907843585', '1349290158897311745', '1376544180907843585_1349290158897311745', '4327', 1, '2021-04-25 20:50:19');
INSERT INTO `chat_message` VALUES (51, '1349290158897311745', '1376875674339721218', '1376875674339721218_1349290158897311745', '能帮我***吗\n', 1, '2021-05-11 20:11:09');
INSERT INTO `chat_message` VALUES (52, '1376875674339721218', '1349290158897311745', '1376875674339721218_1349290158897311745', '你好', 1, '2021-05-13 15:56:06');
INSERT INTO `chat_message` VALUES (53, '1349290158897311745', '1397163373959307265', '1397163373959307265_1349290158897311745', '22266', 1, '2021-05-25 20:34:14');
INSERT INTO `chat_message` VALUES (54, '1397163373959307265', '1349290158897311745', '1397163373959307265_1349290158897311745', 'uuu', 1, '2021-05-25 20:34:38');
INSERT INTO `chat_message` VALUES (55, '1349290158897311745', '1397163373959307265', '1397163373959307265_1349290158897311745', '2226677', 1, '2021-05-25 20:34:41');
INSERT INTO `chat_message` VALUES (56, '1349290158897311745', '1397163373959307265', '1397163373959307265_1349290158897311745', '2226677ui', 1, '2021-05-25 20:34:55');
INSERT INTO `chat_message` VALUES (57, '1349290158897311745', '1397163373959307265', '1397163373959307265_1349290158897311745', '你好', 1, '2021-05-25 20:34:59');
INSERT INTO `chat_message` VALUES (58, '1349290158897311745', '1376152073940574209', '1376152073940574209_1349290158897311745', '5544', 0, '2021-05-26 11:11:03');
INSERT INTO `chat_message` VALUES (59, '1349290158897311745', '1376152073940574209', '1376152073940574209_1349290158897311745', '5544', 0, '2021-05-26 11:11:04');
INSERT INTO `chat_message` VALUES (60, '1349290158897311745', '1376152073940574209', '1376152073940574209_1349290158897311745', '5544', 0, '2021-05-26 11:11:04');
INSERT INTO `chat_message` VALUES (61, '1349290158897311745', '1376152073940574209', '1376152073940574209_1349290158897311745', '5544', 0, '2021-05-26 11:11:04');
INSERT INTO `chat_message` VALUES (62, '1349290158897311745', '1376152073940574209', '1376152073940574209_1349290158897311745', '5544', 0, '2021-05-26 11:11:04');
INSERT INTO `chat_message` VALUES (63, '1349290158897311745', '1376152073940574209', '1376152073940574209_1349290158897311745', '5544', 0, '2021-05-26 11:11:04');
INSERT INTO `chat_message` VALUES (64, '1349290158897311745', '1376152073940574209', '1376152073940574209_1349290158897311745', '5544', 0, '2021-05-26 11:11:04');
INSERT INTO `chat_message` VALUES (65, '1397163373959307265', '1349290158897311745', '1397163373959307265_1349290158897311745', '54654546', 1, '2021-05-26 11:12:08');
INSERT INTO `chat_message` VALUES (66, '1349290158897311745', '1397163373959307265', '1397163373959307265_1349290158897311745', '你好', 1, '2021-05-26 13:46:13');
INSERT INTO `chat_message` VALUES (67, '1397163373959307265', '1349290158897311745', '1397163373959307265_1349290158897311745', '你好', 1, '2021-05-26 13:46:30');
INSERT INTO `chat_message` VALUES (68, '1349290158897311745', '1376152073940574209', '1376152073940574209_1349290158897311745', '555', 0, '2021-05-26 13:51:59');
INSERT INTO `chat_message` VALUES (69, '1397163373959307265', '1349290158897311745', '1397163373959307265_1349290158897311745', ':fist::fist::fist::fist:', 1, '2021-05-26 13:54:19');
INSERT INTO `chat_message` VALUES (70, '1349290158897311745', '1397163373959307265', '1397163373959307265_1349290158897311745', '4444', 1, '2021-05-26 14:22:01');

-- ----------------------------
-- Table structure for sys_dict
-- ----------------------------
DROP TABLE IF EXISTS `sys_dict`;
CREATE TABLE `sys_dict`  (
  `id` bigint NOT NULL AUTO_INCREMENT COMMENT '编号',
  `value` varchar(100) CHARACTER SET utf8 COLLATE utf8_general_ci NOT NULL COMMENT '数据值',
  `label` varchar(100) CHARACTER SET utf8 COLLATE utf8_general_ci NOT NULL COMMENT '标签名',
  `type` varchar(100) CHARACTER SET utf8 COLLATE utf8_general_ci NOT NULL COMMENT '类型',
  `description` varchar(100) CHARACTER SET utf8 COLLATE utf8_general_ci NOT NULL COMMENT '描述',
  `sort` decimal(10, 0) NOT NULL COMMENT '排序（升序）',
  `create_by` varchar(50) CHARACTER SET utf8 COLLATE utf8_general_ci NULL DEFAULT NULL COMMENT '创建人',
  `create_time` datetime NULL DEFAULT NULL COMMENT '创建时间',
  `last_update_by` varchar(50) CHARACTER SET utf8 COLLATE utf8_general_ci NULL DEFAULT NULL COMMENT '更新人',
  `last_update_time` datetime NULL DEFAULT NULL COMMENT '更新时间',
  `remarks` varchar(255) CHARACTER SET utf8 COLLATE utf8_general_ci NULL DEFAULT NULL COMMENT '备注信息',
  `del_flag` tinyint NULL DEFAULT 0 COMMENT '是否删除  -1：已删除  0：正常',
  PRIMARY KEY (`id`) USING BTREE
) ENGINE = InnoDB AUTO_INCREMENT = 5 CHARACTER SET = utf8 COLLATE = utf8_general_ci COMMENT = '字典表' ROW_FORMAT = DYNAMIC;

-- ----------------------------
-- Records of sys_dict
-- ----------------------------
INSERT INTO `sys_dict` VALUES (3, 'male', '男', 'sex', '性别', 0, 'admin', '2018-09-23 19:52:54', NULL, NULL, '性别', 0);
INSERT INTO `sys_dict` VALUES (4, 'female', '女', 'sex', '性别', 1, 'admin', '2018-09-23 19:53:17', NULL, NULL, '性别', 0);

-- ----------------------------
-- Table structure for sys_file
-- ----------------------------
DROP TABLE IF EXISTS `sys_file`;
CREATE TABLE `sys_file`  (
  `id` int NOT NULL AUTO_INCREMENT,
  `local` varchar(255) CHARACTER SET utf8mb4 COLLATE utf8mb4_0900_ai_ci NULL DEFAULT NULL,
  `name` varchar(255) CHARACTER SET utf8mb4 COLLATE utf8mb4_0900_ai_ci NULL DEFAULT NULL,
  `file_type` varchar(255) CHARACTER SET utf8mb4 COLLATE utf8mb4_0900_ai_ci NULL DEFAULT NULL,
  `create_time` datetime NULL DEFAULT NULL,
  PRIMARY KEY (`id`) USING BTREE
) ENGINE = InnoDB AUTO_INCREMENT = 53 CHARACTER SET = utf8mb4 COLLATE = utf8mb4_0900_ai_ci ROW_FORMAT = DYNAMIC;

-- ----------------------------
-- Records of sys_file
-- ----------------------------
INSERT INTO `sys_file` VALUES (7, '/image/avatar/2021-04-30/1.jpg', '1.jpg', 'jpg', '2021-04-30 19:44:41');
INSERT INTO `sys_file` VALUES (8, '/image/avatar/2021-04-30/gravatar_banner_zpscef6bdf6.png', 'gravatar_banner_zpscef6bdf6.png', 'png', '2021-04-30 20:05:19');
INSERT INTO `sys_file` VALUES (9, '/image/avatar/2021-05-07/17204227-俞方清-竞赛.png', '17204227-俞方清.jpg', 'jpg', '2021-05-06 14:04:37');
INSERT INTO `sys_file` VALUES (10, '/image/avatar/2021-05-07/17204227-俞方清-竞赛.png', '17204227-俞方清-竞赛.png', 'png', '2021-05-06 16:19:16');
INSERT INTO `sys_file` VALUES (11, '/image/series/2021-05-06/1.jpg', '1.jpg', 'jpg', '2021-05-06 16:59:32');
INSERT INTO `sys_file` VALUES (13, '/image/series/2021-05-06/QQ截图20210412143854.png', 'QQ截图20210412143854.png', 'png', '2021-05-06 17:00:52');
INSERT INTO `sys_file` VALUES (14, '/image/series/2021-05-06/QQ截图20210412143854.png', 'QQ截图20210412143854.png', 'png', '2021-05-06 17:01:34');
INSERT INTO `sys_file` VALUES (15, '/image/series/2021-05-06/QQ截图20210412143854.png', 'QQ截图20210412143854.png', 'png', '2021-05-06 17:04:05');
INSERT INTO `sys_file` VALUES (16, '/image/series/2021-05-06/gravatar_banner_zpscef6bdf6.png', 'gravatar_banner_zpscef6bdf6.png', 'png', '2021-05-06 17:05:22');
INSERT INTO `sys_file` VALUES (17, '/image/series/2021-05-06/gravatar_banner_zpscef6bdf6.png', 'gravatar_banner_zpscef6bdf6.png', 'png', '2021-05-06 17:10:00');
INSERT INTO `sys_file` VALUES (18, '/image/series/2021-05-06/1.jpg', '1.jpg', 'jpg', '2021-05-06 17:47:48');
INSERT INTO `sys_file` VALUES (19, '/image/series/2021-05-06/1.jpg', '1.jpg', 'jpg', '2021-05-06 20:12:28');
INSERT INTO `sys_file` VALUES (20, '/image/avatar/2021-05-07/17204227-俞方清-竞赛.png', '17204227-俞方清-竞赛.png', 'png', '2021-05-07 13:54:35');
INSERT INTO `sys_file` VALUES (21, '/image/series/2021-05-10/QQ截图20210412143909.png', 'QQ截图20210412143909.png', 'png', '2021-05-10 14:11:11');
INSERT INTO `sys_file` VALUES (22, '/image/series/2021-05-12/lgog2.png', 'lgog2.png', 'png', '2021-05-12 19:47:40');
INSERT INTO `sys_file` VALUES (23, '/image/series/2021-05-20/lgog2.png', 'lgog2.png', 'png', '2021-05-20 20:30:31');
INSERT INTO `sys_file` VALUES (24, '/image/series/2021-05-20/lgog2.png', 'lgog2.png', 'png', '2021-05-20 20:31:26');
INSERT INTO `sys_file` VALUES (25, '/image/series/2021-05-21/lgog2.png', 'lgog2.png', 'png', '2021-05-21 09:40:58');
INSERT INTO `sys_file` VALUES (26, '/image/series/2021-05-21/图片4.png', '图片4.png', 'png', '2021-05-21 10:21:52');
INSERT INTO `sys_file` VALUES (27, '/image/2021-05-21/88b43c1c24e748209e04a9444df97186.jpeg', '88b43c1c24e748209e04a9444df97186.jpeg', 'jpeg', '2021-05-21 15:49:07');
INSERT INTO `sys_file` VALUES (28, '/image/2021-05-21/88b43c1c24e748209e04a9444df97186.jpeg', '88b43c1c24e748209e04a9444df97186.jpeg', 'jpeg', '2021-05-21 15:57:20');
INSERT INTO `sys_file` VALUES (29, '/image/2021-05-21/gravatar_banner_zpscef6bdf6.png', 'gravatar_banner_zpscef6bdf6.png', 'png', '2021-05-21 15:57:49');
INSERT INTO `sys_file` VALUES (30, '/image/2021-05-21/gravatar_banner_zpscef6bdf6.png', 'gravatar_banner_zpscef6bdf6.png', 'png', '2021-05-21 15:58:16');
INSERT INTO `sys_file` VALUES (31, '/image/2021-05-21/88b43c1c24e748209e04a9444df97186.jpeg', '88b43c1c24e748209e04a9444df97186.jpeg', 'jpeg', '2021-05-21 16:01:43');
INSERT INTO `sys_file` VALUES (32, '/image/2021-05-21/71684e481cee4012b4d6024ddda2aff6.jpeg', '71684e481cee4012b4d6024ddda2aff6.jpeg', 'jpeg', '2021-05-21 16:02:57');
INSERT INTO `sys_file` VALUES (33, '/image/2021-05-21/88b43c1c24e748209e04a9444df97186.jpeg', '88b43c1c24e748209e04a9444df97186.jpeg', 'jpeg', '2021-05-21 16:07:10');
INSERT INTO `sys_file` VALUES (34, '/image/2021-05-25/wallpaper.png', 'wallpaper.png', 'png', '2021-05-25 19:43:56');
INSERT INTO `sys_file` VALUES (35, '/image/series/2021-05-25/图片5.png', '图片5.png', 'png', '2021-05-25 20:09:59');
INSERT INTO `sys_file` VALUES (36, '/image/avatar/2021-05-25/favicon.png', 'favicon.png', 'png', '2021-05-25 20:21:43');
INSERT INTO `sys_file` VALUES (37, '/image/series/2021-05-25/88b43c1c24e748209e04a9444df97186.jpeg', '88b43c1c24e748209e04a9444df97186.jpeg', 'jpeg', '2021-05-25 20:44:36');
INSERT INTO `sys_file` VALUES (38, '/image/series/2021-05-26/favicon.png', 'favicon.png', 'png', '2021-05-26 11:37:24');
INSERT INTO `sys_file` VALUES (39, '/image/avatar/2021-05-26/favicon.png', 'favicon.png', 'png', '2021-05-26 15:46:13');
INSERT INTO `sys_file` VALUES (40, '/image/2021-05-27/IMG_20161113_151557.jpg', 'IMG_20161113_151557.jpg', 'jpg', '2021-05-27 21:23:51');
INSERT INTO `sys_file` VALUES (41, '/image/avatar/2021-05-27/img-1619182262384db12cd4a3eed002be1fbcd32a2e78712.jpg', 'img-1619182262384db12cd4a3eed002be1fbcd32a2e78712.jpg', 'jpg', '2021-05-27 21:26:40');
INSERT INTO `sys_file` VALUES (42, '/image/2021-05-28/-626903462.png', '-626903462.png', 'png', '2021-05-28 17:28:10');
INSERT INTO `sys_file` VALUES (43, '/image/2021-05-28/wallpaper.png', 'wallpaper.png', 'png', '2021-05-28 18:42:08');
INSERT INTO `sys_file` VALUES (44, '/image/2021-05-28/wallpaper.png', 'wallpaper.png', 'png', '2021-05-28 19:20:59');
INSERT INTO `sys_file` VALUES (45, '/image/2021-05-28/wallpaper.png', 'wallpaper.png', 'png', '2021-05-28 19:28:48');
INSERT INTO `sys_file` VALUES (46, '/image/2021-05-28/-626903462.png', '-626903462.png', 'png', '2021-05-28 19:42:39');
INSERT INTO `sys_file` VALUES (47, '/image/2021-05-31/061bc567d7aeee08f0c169d1bd9bf69.jpg', '061bc567d7aeee08f0c169d1bd9bf69.jpg', 'jpg', '2021-05-31 09:23:17');
INSERT INTO `sys_file` VALUES (48, '/image/2021-06-01/2.png', '2.png', 'png', '2021-06-01 19:52:17');
INSERT INTO `sys_file` VALUES (49, '/image/2021-06-01/3.png', '3.png', 'png', '2021-06-01 19:52:21');
INSERT INTO `sys_file` VALUES (50, '/image/2021-06-01/默认文件1622548204040.png', '默认文件1622548204040.png', 'png', '2021-06-01 19:52:28');
INSERT INTO `sys_file` VALUES (51, '/image/2021-06-02/image.png', 'image.png', 'png', '2021-06-02 10:01:14');
INSERT INTO `sys_file` VALUES (52, '/image/avatar/2021-06-04/C7E3B301-9E89-4DB8-BDE6-9DA42DC6AE28.gif', 'C7E3B301-9E89-4DB8-BDE6-9DA42DC6AE28.gif', 'gif', '2021-06-04 19:39:16');

-- ----------------------------
-- Table structure for sys_forward
-- ----------------------------
DROP TABLE IF EXISTS `sys_forward`;
CREATE TABLE `sys_forward`  (
  `id` int NOT NULL AUTO_INCREMENT,
  `obj_id` varchar(255) CHARACTER SET utf8mb4 COLLATE utf8mb4_0900_ai_ci NULL DEFAULT NULL,
  `user_id` varchar(255) CHARACTER SET utf8mb4 COLLATE utf8mb4_0900_ai_ci NULL DEFAULT NULL,
  `content` varchar(255) CHARACTER SET utf8mb4 COLLATE utf8mb4_0900_ai_ci NULL DEFAULT NULL,
  `create_time` datetime NULL DEFAULT NULL,
  `modify_time` datetime NULL DEFAULT NULL,
  `forward_status` int NOT NULL DEFAULT 0,
  `type` varchar(255) CHARACTER SET utf8mb4 COLLATE utf8mb4_0900_ai_ci NULL DEFAULT NULL,
  PRIMARY KEY (`id`) USING BTREE
) ENGINE = InnoDB AUTO_INCREMENT = 10 CHARACTER SET = utf8mb4 COLLATE = utf8mb4_0900_ai_ci ROW_FORMAT = DYNAMIC;

-- ----------------------------
-- Records of sys_forward
-- ----------------------------
INSERT INTO `sys_forward` VALUES (1, '1376153416906366978', '1376153606346301441', 'fsad', '2021-03-30 16:57:50', '2021-03-30 17:19:34', 0, 'blog');
INSERT INTO `sys_forward` VALUES (2, '1376153416906366978', '1376153606346301441', 'fsadkitug去', '2021-03-30 17:25:37', '2021-03-30 17:25:37', 0, 'blog');
INSERT INTO `sys_forward` VALUES (3, '1376153416906366978', '1376879745641500674', 'fdg', '2021-03-30 21:15:29', '2021-03-30 21:15:29', 0, 'blog');
INSERT INTO `sys_forward` VALUES (4, '1381144351738224641', '1349290158897311745', '博客很棒', '2021-04-11 15:19:07', '2021-04-11 15:19:07', 0, 'blog');
INSERT INTO `sys_forward` VALUES (5, '1381149498900013057', '1349290158897311745', '很好', '2021-04-11 15:46:35', '2021-04-11 15:46:35', 0, 'blog');
INSERT INTO `sys_forward` VALUES (6, '1381155049637732354', '1349290158897311745', '很好', '2021-04-29 16:01:03', '2021-04-11 16:01:03', 0, 'blog');
INSERT INTO `sys_forward` VALUES (7, '1391637191973138433', '1349290158897311745', '你好', '2021-05-12 10:43:57', '2021-05-12 10:43:57', 0, 'blog');
INSERT INTO `sys_forward` VALUES (8, '1392446858211041281', '1349290158897311745', '333', '2021-05-16 18:53:16', '2021-05-16 18:53:16', 0, 'blog');
INSERT INTO `sys_forward` VALUES (9, '1397171543813382146', '1397163373959307265', '真的有用', '2021-05-25 20:45:28', '2021-05-25 20:45:28', 0, 'blog');

-- ----------------------------
-- Table structure for sys_menu
-- ----------------------------
DROP TABLE IF EXISTS `sys_menu`;
CREATE TABLE `sys_menu`  (
  `id` bigint NOT NULL AUTO_INCREMENT COMMENT '编号',
  `name` varchar(50) CHARACTER SET utf8 COLLATE utf8_general_ci NULL DEFAULT NULL COMMENT '菜单名称',
  `parent_id` bigint NULL DEFAULT NULL COMMENT '父菜单ID，一级菜单为0',
  `url` varchar(200) CHARACTER SET utf8 COLLATE utf8_general_ci NULL DEFAULT NULL COMMENT '菜单URL,类型：1.普通页面（如用户管理， /sys/user） 2.嵌套完整外部页面，以http(s)开头的链接 3.嵌套服务器页面，使用iframe:前缀+目标URL(如SQL监控， iframe:/druid/login.html, iframe:前缀会替换成服务器地址)',
  `perms` varchar(500) CHARACTER SET utf8 COLLATE utf8_general_ci NULL DEFAULT NULL COMMENT '授权(多个用逗号分隔，如：sys:user:add,sys:user:edit)',
  `type` int NULL DEFAULT NULL COMMENT '类型   0：目录   1：菜单   2：按钮',
  `icon` varchar(50) CHARACTER SET utf8 COLLATE utf8_general_ci NULL DEFAULT NULL COMMENT '菜单图标',
  `order_num` int NULL DEFAULT NULL COMMENT '排序',
  `create_by` varchar(50) CHARACTER SET utf8 COLLATE utf8_general_ci NULL DEFAULT NULL COMMENT '创建人',
  `create_time` datetime NULL DEFAULT NULL COMMENT '创建时间',
  `last_update_by` varchar(50) CHARACTER SET utf8 COLLATE utf8_general_ci NULL DEFAULT NULL COMMENT '更新人',
  `last_update_time` datetime NULL DEFAULT NULL COMMENT '更新时间',
  `del_flag` tinyint NULL DEFAULT 0 COMMENT '是否删除  -1：已删除  0：正常',
  PRIMARY KEY (`id`) USING BTREE
) ENGINE = InnoDB AUTO_INCREMENT = 72 CHARACTER SET = utf8 COLLATE = utf8_general_ci COMMENT = '菜单管理' ROW_FORMAT = DYNAMIC;

-- ----------------------------
-- Records of sys_menu
-- ----------------------------
INSERT INTO `sys_menu` VALUES (1, '系统管理', 0, NULL, '', 0, 'el-icon-setting', 1, NULL, NULL, NULL, NULL, 0);
INSERT INTO `sys_menu` VALUES (2, '用户管理', 1, '/sys/user', '', 1, 'el-icon-service', 1, NULL, NULL, NULL, NULL, 0);
INSERT INTO `sys_menu` VALUES (4, '角色管理', 1, '/sys/role', '', 1, 'el-icon-view', 4, NULL, NULL, NULL, NULL, 0);
INSERT INTO `sys_menu` VALUES (5, '菜单管理', 1, '/sys/menu', '', 1, 'el-icon-menu', 5, NULL, NULL, NULL, NULL, 0);
INSERT INTO `sys_menu` VALUES (7, '字典管理', 1, '/sys/dict', '', 1, 'el-icon-collection', 7, NULL, NULL, NULL, NULL, 0);
INSERT INTO `sys_menu` VALUES (38, '服务监控', 43, '/sys/actuator', '', 1, 'el-icon-view', 1, 'admin', '2018-11-02 20:02:15', 'admin', '2018-12-27 11:03:53', 0);
INSERT INTO `sys_menu` VALUES (43, '系统监控', 0, '', '', 0, 'el-icon-info', 2, 'admin', '2018-12-27 10:57:29', 'admin', '2018-12-27 11:02:26', 0);
INSERT INTO `sys_menu` VALUES (46, '可视化', 0, '/', '', 1, 'el-icon-monitor', 0, NULL, NULL, NULL, NULL, 0);
INSERT INTO `sys_menu` VALUES (47, 'jvm信息', 43, '/monitor/jvm', '', 1, 'el-icon-set-up', 2, NULL, NULL, NULL, NULL, 0);
INSERT INTO `sys_menu` VALUES (48, 'Tomcat信息', 43, '/monitor/tomcat', '', 1, 'el-icon-date', 3, NULL, NULL, NULL, NULL, 0);
INSERT INTO `sys_menu` VALUES (49, '系统信息', 43, '/monitor/system', '', 1, 'el-icon-cpu', 4, NULL, NULL, NULL, NULL, 0);
INSERT INTO `sys_menu` VALUES (51, '帖子管理', 67, '/blog/admin', '', 1, 'el-icon-date', 5, NULL, NULL, NULL, NULL, 0);
INSERT INTO `sys_menu` VALUES (52, '评论管理', 0, '/comment/admin', '', 1, 'el-icon-s-comment', 5, NULL, NULL, NULL, NULL, 0);
INSERT INTO `sys_menu` VALUES (53, '标签管理', 0, '/tag/admin', '', 1, 'el-icon-collection-tag\r\n', 5, NULL, NULL, NULL, NULL, 0);
INSERT INTO `sys_menu` VALUES (56, '权限管理', 0, '/permission/admin', '', 1, 'el-icon-s-management', 6, NULL, NULL, NULL, NULL, 0);
INSERT INTO `sys_menu` VALUES (57, '公告管理', 0, '/billboard/admin', '', 1, 'el-icon-news', 7, NULL, NULL, NULL, NULL, 0);
INSERT INTO `sys_menu` VALUES (58, '活动管理', 70, '/activity/admin', '', 1, 'el-icon-magic-stick', 8, NULL, NULL, NULL, NULL, 0);
INSERT INTO `sys_menu` VALUES (59, '聊天记录管理', 0, '/chatMessage/admin', '', 1, 'el-icon-reading', 9, NULL, NULL, NULL, NULL, 0);
INSERT INTO `sys_menu` VALUES (60, '敏感词管理', 0, '/sensitive/admin', '', 1, 'el-icon-lock', 10, NULL, NULL, NULL, NULL, 0);
INSERT INTO `sys_menu` VALUES (61, '合辑管理', 67, '/series/admin', '', 1, 'el-icon-bank-card', 11, NULL, NULL, NULL, NULL, 0);
INSERT INTO `sys_menu` VALUES (62, '关注管理', 0, '/follow/admin', '', 1, 'el-icon-monitor', 12, NULL, NULL, NULL, NULL, 0);
INSERT INTO `sys_menu` VALUES (63, '图片管理', 1, '/image/admin', '', 1, 'el-icon-picture-outline', 13, NULL, NULL, NULL, NULL, 0);
INSERT INTO `sys_menu` VALUES (64, '每日一句管理', 66, '/tip/admin', '', 1, 'el-icon-bangzhu', 14, NULL, NULL, NULL, NULL, 0);
INSERT INTO `sys_menu` VALUES (65, '推广管理', 66, '/promotion/admin', '', 1, 'el-icon-chat-line-square', 15, NULL, NULL, NULL, NULL, 0);
INSERT INTO `sys_menu` VALUES (66, '推广和Tip', 0, '', '', 0, 'el-icon-document', 3, NULL, NULL, NULL, NULL, 0);
INSERT INTO `sys_menu` VALUES (67, '帖子和合辑', 0, '', '', 0, 'el-icon-s-grid', 4, NULL, NULL, NULL, NULL, 0);
INSERT INTO `sys_menu` VALUES (69, '系统通知', 1, '/sysNotice/admin', '', 1, 'el-icon-message-solid', 7, NULL, NULL, NULL, NULL, 0);
INSERT INTO `sys_menu` VALUES (70, '活动', 0, '', '', 0, 'el-icon-s-marketing', 4, NULL, NULL, NULL, NULL, 0);
INSERT INTO `sys_menu` VALUES (71, '活动报名人员', 70, '/activity/user', '', 1, 'el-icon-s-custom', 2, NULL, NULL, NULL, NULL, 0);

-- ----------------------------
-- Table structure for sys_notice
-- ----------------------------
DROP TABLE IF EXISTS `sys_notice`;
CREATE TABLE `sys_notice`  (
  `id` int NOT NULL AUTO_INCREMENT,
  `operation` varchar(255) CHARACTER SET utf8mb4 COLLATE utf8mb4_0900_ai_ci NULL DEFAULT NULL COMMENT '操作类型',
  `from_id` varchar(255) CHARACTER SET utf8mb4 COLLATE utf8mb4_0900_ai_ci NULL DEFAULT NULL,
  `to_id` varchar(255) CHARACTER SET utf8mb4 COLLATE utf8mb4_0900_ai_ci NULL DEFAULT NULL,
  `obj_id` varchar(255) CHARACTER SET utf8mb4 COLLATE utf8mb4_0900_ai_ci NULL DEFAULT NULL COMMENT '对象id',
  `obj_type` varchar(255) CHARACTER SET utf8mb4 COLLATE utf8mb4_0900_ai_ci NULL DEFAULT NULL COMMENT '对象类型 博文 公告  ',
  `content` varchar(255) CHARACTER SET utf8mb4 COLLATE utf8mb4_0900_ai_ci NULL DEFAULT NULL,
  `create_time` datetime NULL DEFAULT NULL,
  `is_read` int NOT NULL DEFAULT 0 COMMENT '0 未读  1 已读',
  PRIMARY KEY (`id`) USING BTREE
) ENGINE = InnoDB AUTO_INCREMENT = 53 CHARACTER SET = utf8mb4 COLLATE = utf8mb4_0900_ai_ci ROW_FORMAT = DYNAMIC;

-- ----------------------------
-- Records of sys_notice
-- ----------------------------
INSERT INTO `sys_notice` VALUES (1, '点赞', '1349290158897311745', '1376875674339721218', '1390278661395345410', '帖子', NULL, '2021-05-08 18:51:12', 1);
INSERT INTO `sys_notice` VALUES (2, '评论', '1349290158897311745', '1376875674339721218', '1390278661395345410', '帖子', '恢复慢', '2021-05-08 18:54:03', 1);
INSERT INTO `sys_notice` VALUES (3, '点赞', '1349290158897311745', '1349290158897311745', '1391637191973138433', '帖子', NULL, '2021-05-10 20:14:20', 1);
INSERT INTO `sys_notice` VALUES (4, '评论', '1376875674339721218', '1349290158897311745', '1391637191973138433', '帖子', '健康', '2021-05-11 20:12:14', 1);
INSERT INTO `sys_notice` VALUES (5, '转发', '1349290158897311745', '1349290158897311745', '1391637191973138433', '帖子', '你好', '2021-05-12 10:43:57', 1);
INSERT INTO `sys_notice` VALUES (6, '评论', '1349290158897311745', '1349290158897311745', '1391636590337978369', '帖子', '很好', '2021-05-12 10:44:31', 1);
INSERT INTO `sys_notice` VALUES (7, '点赞', '1349290158897311745', '1376875674339721218', '1387997613756219393', '帖子', NULL, '2021-05-12 10:50:10', 1);
INSERT INTO `sys_notice` VALUES (8, '评论', '1349290158897311745', '1376152073940574209', '1376153416906366978', '帖子', '写的什么', '2021-05-12 11:00:59', 1);
INSERT INTO `sys_notice` VALUES (9, '点赞', '1376152073940574209', '1349290158897311745', '1391637191973138433', '帖子', NULL, '2021-05-12 11:03:12', 1);
INSERT INTO `sys_notice` VALUES (10, '点赞', '1349290158897311745', '1376152073940574209', '1376153416906366978', '帖子', NULL, '2021-05-12 11:03:37', 1);
INSERT INTO `sys_notice` VALUES (11, '点赞', '1376875674339721218', '1349290158897311745', '1392446858211041281', '帖子', NULL, '2021-05-13 15:56:00', 1);
INSERT INTO `sys_notice` VALUES (12, '点赞', '1349290158897311745', '1349290158897311745', '1392446858211041281', '帖子', NULL, '2021-05-16 18:40:20', 1);
INSERT INTO `sys_notice` VALUES (13, '评论', '1349290158897311745', '1349290158897311745', '1392446858211041281', '帖子', '22', '2021-05-16 18:53:03', 1);
INSERT INTO `sys_notice` VALUES (14, '转发', '1349290158897311745', '1349290158897311745', '1392446858211041281', '帖子', '333', '2021-05-16 18:53:16', 1);
INSERT INTO `sys_notice` VALUES (15, '点赞', '1349290158897311745', '1349290158897311745', '1393899821496524801', '帖子', NULL, '2021-05-21 09:47:19', 1);
INSERT INTO `sys_notice` VALUES (16, '点赞', '1349290158897311745', '1349290158897311745', '1393899821496524801', '帖子', NULL, '2021-05-21 09:47:21', 1);
INSERT INTO `sys_notice` VALUES (17, '点赞', '1397163373959307265', '1349290158897311745', '1397156524388122626', '帖子', NULL, '2021-05-25 20:18:34', 1);
INSERT INTO `sys_notice` VALUES (18, '点赞', '1397163373959307265', '1349290158897311745', '1397156524388122626', '帖子', NULL, '2021-05-25 20:18:40', 1);
INSERT INTO `sys_notice` VALUES (19, '点赞', '1397163373959307265', '1349290158897311745', '1397156524388122626', '帖子', NULL, '2021-05-25 20:18:48', 1);
INSERT INTO `sys_notice` VALUES (20, '评论', '1397163373959307265', '1397163373959307265', '1397171543813382146', '帖子', '有用？', '2021-05-25 20:45:18', 1);
INSERT INTO `sys_notice` VALUES (21, '转发', '1397163373959307265', '1397163373959307265', '1397171543813382146', '帖子', '真的有用', '2021-05-25 20:45:28', 1);
INSERT INTO `sys_notice` VALUES (22, '关注', '1397163373959307265', '1349290158897311745', NULL, '关注', NULL, '2021-05-25 20:47:52', 1);
INSERT INTO `sys_notice` VALUES (23, '取消关注', '1397163373959307265', '1397163373959307265', NULL, '取消关注', NULL, '2021-05-25 20:53:50', 1);
INSERT INTO `sys_notice` VALUES (24, '取消关注', '1397163373959307265', '1397163373959307265', NULL, '取消关注', NULL, '2021-05-25 20:53:52', 1);
INSERT INTO `sys_notice` VALUES (25, '取消关注', '1397163373959307265', '1397163373959307265', NULL, '取消关注', NULL, '2021-05-25 20:53:52', 1);
INSERT INTO `sys_notice` VALUES (26, '取消关注', '1397163373959307265', '1397163373959307265', NULL, '取消关注', NULL, '2021-05-25 20:53:52', 1);
INSERT INTO `sys_notice` VALUES (27, '取消关注', '1397163373959307265', '1397163373959307265', NULL, '取消关注', NULL, '2021-05-25 20:55:48', 1);
INSERT INTO `sys_notice` VALUES (28, '取消关注', '1397163373959307265', '1397163373959307265', NULL, '取消关注', NULL, '2021-05-25 20:56:40', 1);
INSERT INTO `sys_notice` VALUES (29, '取消关注', '1397163373959307265', '1349290158897311745', NULL, '取消关注', NULL, '2021-05-25 21:00:04', 1);
INSERT INTO `sys_notice` VALUES (30, '取消关注', '1397163373959307265', '1349290158897311745', NULL, '取消关注', NULL, '2021-05-25 21:00:59', 1);
INSERT INTO `sys_notice` VALUES (31, '关注', '1397163373959307265', '1349290158897311745', NULL, '关注', NULL, '2021-05-25 21:01:08', 1);
INSERT INTO `sys_notice` VALUES (32, '点赞', '1397163373959307265', '1349290158897311745', '1397170829477273601', '帖子', NULL, '2021-05-26 09:07:43', 1);
INSERT INTO `sys_notice` VALUES (33, '点赞', '1349290158897311745', '1349290158897311745', '1349362401438392322', '帖子', NULL, '2021-05-26 11:10:27', 1);
INSERT INTO `sys_notice` VALUES (34, '点赞', '1349290158897311745', '1349290158897311745', '1393882416485490690', '帖子', NULL, '2021-05-26 11:10:49', 1);
INSERT INTO `sys_notice` VALUES (35, '关注', '1349290158897311745', '1397163373959307265', NULL, '关注', NULL, '2021-05-26 11:35:19', 0);
INSERT INTO `sys_notice` VALUES (36, '点赞', '1397906311634558978', '1397906311634558978', '1397906638064656385', '帖子', NULL, '2021-05-27 21:25:11', 1);
INSERT INTO `sys_notice` VALUES (37, '点赞', '1397906311634558978', '1397906311634558978', '1397906638064656385', '帖子', NULL, '2021-05-27 21:25:13', 1);
INSERT INTO `sys_notice` VALUES (38, '关注', '1397906311634558978', '1376875674339721218', NULL, '关注', NULL, '2021-05-27 21:28:11', 0);
INSERT INTO `sys_notice` VALUES (39, '关注', '1349290158897311745', '1399174001057669121', NULL, '关注', NULL, '2021-05-31 09:36:36', 1);
INSERT INTO `sys_notice` VALUES (40, '点赞', '1349290158897311745', '1399174001057669121', '1399175340319907841', '帖子', NULL, '2021-05-31 09:42:41', 1);
INSERT INTO `sys_notice` VALUES (41, '评论', '1400776833187782657', '1400776833187782657', '1400777683301900289', '帖子', '好处二开心😃', '2021-06-04 19:33:39', 1);
INSERT INTO `sys_notice` VALUES (42, '评论', '1400776833187782657', '1400776833187782657', '1400777683301900289', '帖子', '好处二开心😃', '2021-06-04 19:33:42', 1);
INSERT INTO `sys_notice` VALUES (43, '评论', '1400776833187782657', '1400776833187782657', '1400777683301900289', '帖子', '好处二开心😃', '2021-06-04 19:33:43', 1);
INSERT INTO `sys_notice` VALUES (44, '评论', '1400776833187782657', '1400776833187782657', '1400777683301900289', '帖子', '好处二开心😃', '2021-06-04 19:33:44', 1);
INSERT INTO `sys_notice` VALUES (45, '评论', '1400776833187782657', '1400776833187782657', '1400777683301900289', '帖子', '好处二开心😃', '2021-06-04 19:33:46', 1);
INSERT INTO `sys_notice` VALUES (46, '评论', '1400776833187782657', '1400776833187782657', '1400777683301900289', '帖子', '好处二开心😃', '2021-06-04 19:33:48', 1);
INSERT INTO `sys_notice` VALUES (47, '评论', '1400776833187782657', '1400776833187782657', '1400777683301900289', '帖子', '好处二开心😃', '2021-06-04 19:34:06', 1);
INSERT INTO `sys_notice` VALUES (48, '评论', '1400776833187782657', '1400776833187782657', '1400777683301900289', '帖子', '好处二开心😃', '2021-06-04 19:34:07', 1);
INSERT INTO `sys_notice` VALUES (49, '评论', '1400776833187782657', '1400776833187782657', '1400777683301900289', '帖子', '好处二开心😃', '2021-06-04 19:34:09', 1);
INSERT INTO `sys_notice` VALUES (50, '点赞', '1400776833187782657', '1400776833187782657', '1400777683301900289', '帖子', NULL, '2021-06-04 19:34:12', 1);
INSERT INTO `sys_notice` VALUES (51, '评论', '1400776833187782657', '1400776833187782657', '1400777683301900289', '帖子', '好处二开心😃', '2021-06-04 19:34:26', 1);
INSERT INTO `sys_notice` VALUES (52, '评论', '1400776833187782657', '1400776833187782657', '1400777681410269185', '帖子', '评论怎么不显示', '2021-06-04 19:36:35', 1);

-- ----------------------------
-- Table structure for sys_permission
-- ----------------------------
DROP TABLE IF EXISTS `sys_permission`;
CREATE TABLE `sys_permission`  (
  `id` int NOT NULL AUTO_INCREMENT COMMENT '主键',
  `value` varchar(255) CHARACTER SET utf8 COLLATE utf8_general_ci NOT NULL DEFAULT '' COMMENT '权限说明',
  `remark` varchar(255) CHARACTER SET utf8 COLLATE utf8_general_ci NOT NULL DEFAULT '' COMMENT '权限名',
  `pid` int NOT NULL DEFAULT 0 COMMENT '权限父级ID',
  PRIMARY KEY (`id`) USING BTREE,
  UNIQUE INDEX `name`(`remark`) USING BTREE,
  UNIQUE INDEX `value`(`value`) USING BTREE,
  INDEX `permission_pid`(`pid`) USING BTREE
) ENGINE = InnoDB AUTO_INCREMENT = 99 CHARACTER SET = utf8 COLLATE = utf8_general_ci COMMENT = '权限表' ROW_FORMAT = DYNAMIC;

-- ----------------------------
-- Records of sys_permission
-- ----------------------------
INSERT INTO `sys_permission` VALUES (1, 'index', '首页', 0);
INSERT INTO `sys_permission` VALUES (2, 'topic', '帖子', 0);
INSERT INTO `sys_permission` VALUES (3, 'comment', '评论', 0);
INSERT INTO `sys_permission` VALUES (4, 'notification', '系统通知', 0);
INSERT INTO `sys_permission` VALUES (5, 'user', '用户', 0);
INSERT INTO `sys_permission` VALUES (7, 'tag', '标签', 0);
INSERT INTO `sys_permission` VALUES (8, 'permission', '权限', 0);
INSERT INTO `sys_permission` VALUES (9, 'system', '系统', 0);
INSERT INTO `sys_permission` VALUES (12, 'topic:view', '帖子列表', 2);
INSERT INTO `sys_permission` VALUES (13, 'topic:edit', '帖子编辑', 2);
INSERT INTO `sys_permission` VALUES (14, 'topic:delete', '帖子删除', 2);
INSERT INTO `sys_permission` VALUES (15, 'topic:good', '话题加精', 2);
INSERT INTO `sys_permission` VALUES (16, 'topic:top', '话题置顶', 2);
INSERT INTO `sys_permission` VALUES (17, 'comment:view', '评论列表', 3);
INSERT INTO `sys_permission` VALUES (18, 'comment:edit', '评论编辑', 3);
INSERT INTO `sys_permission` VALUES (19, 'comment:delete', '评论删除', 3);
INSERT INTO `sys_permission` VALUES (20, 'sys:notification:view', '通知列表', 4);
INSERT INTO `sys_permission` VALUES (21, 'sys:notification:delete', '通知删除', 4);
INSERT INTO `sys_permission` VALUES (22, 'sys:user:view', '用户列表', 5);
INSERT INTO `sys_permission` VALUES (23, 'sys:user:edit', '用户编辑', 5);
INSERT INTO `sys_permission` VALUES (24, 'sys:user:delete', '用户删除', 5);
INSERT INTO `sys_permission` VALUES (25, 'code:view', '验证码列表', 6);
INSERT INTO `sys_permission` VALUES (26, 'tag:view', '标签列表', 7);
INSERT INTO `sys_permission` VALUES (27, 'tag:edit', '标签编辑', 7);
INSERT INTO `sys_permission` VALUES (28, 'tag:delete', '标签删除', 7);
INSERT INTO `sys_permission` VALUES (29, 'tag:async', '标签同步', 7);
INSERT INTO `sys_permission` VALUES (30, 'permission:view', '权限列表', 8);
INSERT INTO `sys_permission` VALUES (31, 'permission:edit', '权限编辑', 8);
INSERT INTO `sys_permission` VALUES (32, 'permission:delete', '权限删除', 8);
INSERT INTO `sys_permission` VALUES (33, 'role', '角色', 0);
INSERT INTO `sys_permission` VALUES (34, 'log', '日志', 0);
INSERT INTO `sys_permission` VALUES (35, 'sys:role:view', '角色列表', 33);
INSERT INTO `sys_permission` VALUES (36, 'sys:role:edit', '角色编辑', 33);
INSERT INTO `sys_permission` VALUES (37, 'sys:role:delete', '角色删除', 33);
INSERT INTO `sys_permission` VALUES (38, 'system:edit', '系统设置', 9);
INSERT INTO `sys_permission` VALUES (39, 'admin_user:view', '查看管理员', 10);
INSERT INTO `sys_permission` VALUES (40, 'admin_user:edit', '编辑管理员', 10);
INSERT INTO `sys_permission` VALUES (41, 'admin_user:add', '创建管理员', 10);
INSERT INTO `sys_permission` VALUES (42, 'log:view', '日志列表', 34);
INSERT INTO `sys_permission` VALUES (43, 'user:refresh_token', '用户刷新Token', 5);
INSERT INTO `sys_permission` VALUES (44, 'permission:add', '权限添加', 8);
INSERT INTO `sys_permission` VALUES (50, 'sensitive', '敏感词', 0);
INSERT INTO `sys_permission` VALUES (51, 'sensitive:view', '敏感词列表', 50);
INSERT INTO `sys_permission` VALUES (52, 'sensitive:add', '敏感词添加', 50);
INSERT INTO `sys_permission` VALUES (53, 'sensitive:edit', '敏感词编辑', 50);
INSERT INTO `sys_permission` VALUES (54, 'sensitive:delete', '敏感词删除', 50);
INSERT INTO `sys_permission` VALUES (56, 'comment:add', '评论增加', 3);
INSERT INTO `sys_permission` VALUES (57, 'billborad:view', '公告展示', 69);
INSERT INTO `sys_permission` VALUES (58, 'sys:user:add', '新增用户', 5);
INSERT INTO `sys_permission` VALUES (59, 'sys:role:add', '新增角色', 33);
INSERT INTO `sys_permission` VALUES (60, 'sys:menu:edit', '编辑菜单', 67);
INSERT INTO `sys_permission` VALUES (61, 'sys:menu:add', '新增菜单', 67);
INSERT INTO `sys_permission` VALUES (62, 'sys:menu:delete', '删除菜单', 67);
INSERT INTO `sys_permission` VALUES (63, 'sys:menu:view', '查看菜单', 67);
INSERT INTO `sys_permission` VALUES (64, 'tag:add', '查看评论', 3);
INSERT INTO `sys_permission` VALUES (65, 'sys:dict:view', '查看字典', 68);
INSERT INTO `sys_permission` VALUES (66, 'sys:dict:add', '增加字典', 68);
INSERT INTO `sys_permission` VALUES (67, 'sys:menu', '菜单管理', 0);
INSERT INTO `sys_permission` VALUES (68, 'sys:dict', '字典管理', 0);
INSERT INTO `sys_permission` VALUES (69, 'billborad', '公告', 0);
INSERT INTO `sys_permission` VALUES (70, 'billborad:add', '发布公告', 69);
INSERT INTO `sys_permission` VALUES (71, 'billborad:edit', '编辑公告', 69);
INSERT INTO `sys_permission` VALUES (72, 'billborad:delete', '删除公告', 69);
INSERT INTO `sys_permission` VALUES (73, 'tip:add', '增加每日一句', 74);
INSERT INTO `sys_permission` VALUES (74, 'tip', '每日一句', 0);
INSERT INTO `sys_permission` VALUES (75, 'tip:view', '查看每日一句', 74);
INSERT INTO `sys_permission` VALUES (76, 'tip:delete', '删除每日一句', 74);
INSERT INTO `sys_permission` VALUES (77, 'tip:edit', '编辑每日一句', 74);
INSERT INTO `sys_permission` VALUES (78, 'follow', '关注管理', 0);
INSERT INTO `sys_permission` VALUES (79, 'follow:delete', '取消关注', 78);
INSERT INTO `sys_permission` VALUES (81, 'follow:view', '查看关注', 78);
INSERT INTO `sys_permission` VALUES (82, 'chatMessage', '聊天记录', 0);
INSERT INTO `sys_permission` VALUES (83, 'chatMessage:view', '查看聊天记录', 82);
INSERT INTO `sys_permission` VALUES (84, 'chatMessage:delete', '删除聊天记录', 82);
INSERT INTO `sys_permission` VALUES (85, 'activity', '活动管理', 0);
INSERT INTO `sys_permission` VALUES (86, 'activity:view', '查看活动', 85);
INSERT INTO `sys_permission` VALUES (87, 'activity:delete', '删除活动', 85);
INSERT INTO `sys_permission` VALUES (88, 'activity:edit', '编辑活动', 85);
INSERT INTO `sys_permission` VALUES (89, 'activity:add', '增加活动', 85);
INSERT INTO `sys_permission` VALUES (90, 'series', '合辑管理', 0);
INSERT INTO `sys_permission` VALUES (91, 'series:view', '查看合辑', 90);
INSERT INTO `sys_permission` VALUES (92, 'series:delete', '删除合辑', 90);
INSERT INTO `sys_permission` VALUES (93, 'series:edit', '编辑合辑', 90);
INSERT INTO `sys_permission` VALUES (94, 'promotion', '推广', 0);
INSERT INTO `sys_permission` VALUES (95, 'promotion:view', '查看推广', 94);
INSERT INTO `sys_permission` VALUES (96, 'promotion:add', '增加推广', 94);
INSERT INTO `sys_permission` VALUES (97, 'promotion:delete', '删除推广', 94);
INSERT INTO `sys_permission` VALUES (98, 'promotion:edit', '编辑推广', 94);

-- ----------------------------
-- Table structure for sys_role
-- ----------------------------
DROP TABLE IF EXISTS `sys_role`;
CREATE TABLE `sys_role`  (
  `id` int NOT NULL AUTO_INCREMENT COMMENT '主键',
  `name` varchar(255) CHARACTER SET utf8 COLLATE utf8_general_ci NOT NULL DEFAULT '' COMMENT '角色名',
  `remark` varchar(255) CHARACTER SET utf8 COLLATE utf8_general_ci NOT NULL COMMENT '说明',
  `create_by` varchar(255) CHARACTER SET utf8 COLLATE utf8_general_ci NULL DEFAULT NULL,
  `create_time` datetime(6) NULL DEFAULT NULL,
  `update_time` datetime(6) NULL DEFAULT NULL,
  `update_by` varchar(255) CHARACTER SET utf8 COLLATE utf8_general_ci NULL DEFAULT NULL,
  `is_del` int NOT NULL DEFAULT 0,
  PRIMARY KEY (`id`) USING BTREE,
  UNIQUE INDEX `name`(`name`) USING BTREE
) ENGINE = InnoDB AUTO_INCREMENT = 10003 CHARACTER SET = utf8 COLLATE = utf8_general_ci COMMENT = '角色表' ROW_FORMAT = DYNAMIC;

-- ----------------------------
-- Records of sys_role
-- ----------------------------
INSERT INTO `sys_role` VALUES (1, 'superadmin', '超级管理员', 'admin', '2018-09-23 16:22:41.000000', '2018-09-23 16:22:41.000000', 'yufang01', 0);
INSERT INTO `sys_role` VALUES (2, 'admin', '系统管理员', 'admin', '2018-09-23 16:22:41.000000', '2018-09-23 16:22:41.000000', 'yufang01', 0);
INSERT INTO `sys_role` VALUES (3, 'normal', '普通用户', 'admin', '2018-09-23 16:22:41.000000', '2018-09-23 16:22:41.000000', 'yufang01', 0);
INSERT INTO `sys_role` VALUES (4, 'visitor', '游客', 'admin', '2018-09-23 16:22:41.000000', '2018-09-23 16:22:41.000000', 'yufang01', 0);
INSERT INTO `sys_role` VALUES (10002, 'blogadmin', '帖子管理员', 'admin', '2021-04-10 23:36:03.014000', '2021-04-10 23:36:24.171000', 'admin', 0);

-- ----------------------------
-- Table structure for sys_role_menu
-- ----------------------------
DROP TABLE IF EXISTS `sys_role_menu`;
CREATE TABLE `sys_role_menu`  (
  `id` bigint NOT NULL AUTO_INCREMENT COMMENT '编号',
  `role_id` bigint NULL DEFAULT NULL COMMENT '角色ID',
  `menu_id` bigint NULL DEFAULT NULL COMMENT '菜单ID',
  `create_by` varchar(50) CHARACTER SET utf8 COLLATE utf8_general_ci NULL DEFAULT NULL COMMENT '创建人',
  `create_time` datetime NULL DEFAULT NULL COMMENT '创建时间',
  `last_update_by` varchar(50) CHARACTER SET utf8 COLLATE utf8_general_ci NULL DEFAULT NULL COMMENT '更新人',
  `last_update_time` datetime NULL DEFAULT NULL COMMENT '更新时间',
  PRIMARY KEY (`id`) USING BTREE
) ENGINE = InnoDB AUTO_INCREMENT = 496 CHARACTER SET = utf8 COLLATE = utf8_general_ci COMMENT = '角色菜单' ROW_FORMAT = DYNAMIC;

-- ----------------------------
-- Records of sys_role_menu
-- ----------------------------
INSERT INTO `sys_role_menu` VALUES (388, 2, 1, 'admin', '2018-09-23 19:51:53', NULL, NULL);
INSERT INTO `sys_role_menu` VALUES (389, 2, 2, 'admin', '2018-09-23 19:51:53', NULL, NULL);
INSERT INTO `sys_role_menu` VALUES (390, 2, 9, 'admin', '2018-09-23 19:51:53', NULL, NULL);
INSERT INTO `sys_role_menu` VALUES (391, 2, 3, 'admin', '2018-09-23 19:51:53', NULL, NULL);
INSERT INTO `sys_role_menu` VALUES (392, 2, 13, 'admin', '2018-09-23 19:51:53', NULL, NULL);
INSERT INTO `sys_role_menu` VALUES (393, 2, 17, 'admin', '2018-09-23 19:51:53', NULL, NULL);
INSERT INTO `sys_role_menu` VALUES (394, 2, 5, 'admin', '2018-09-23 19:51:53', NULL, NULL);
INSERT INTO `sys_role_menu` VALUES (395, 2, 21, 'admin', '2018-09-23 19:51:53', NULL, NULL);
INSERT INTO `sys_role_menu` VALUES (396, 2, 7, 'admin', '2018-09-23 19:51:53', NULL, NULL);
INSERT INTO `sys_role_menu` VALUES (397, 2, 31, 'admin', '2018-09-23 19:51:53', NULL, NULL);
INSERT INTO `sys_role_menu` VALUES (398, 2, 8, 'admin', '2018-09-23 19:51:53', NULL, NULL);
INSERT INTO `sys_role_menu` VALUES (399, 2, 6, 'admin', '2018-09-23 19:51:53', NULL, NULL);
INSERT INTO `sys_role_menu` VALUES (400, 2, 35, 'admin', '2018-09-23 19:51:53', NULL, NULL);
INSERT INTO `sys_role_menu` VALUES (401, 2, 28, 'admin', '2018-09-23 19:51:53', NULL, NULL);
INSERT INTO `sys_role_menu` VALUES (402, 2, 29, 'admin', '2018-09-23 19:51:53', NULL, NULL);
INSERT INTO `sys_role_menu` VALUES (403, 2, 30, 'admin', '2018-09-23 19:51:53', NULL, NULL);
INSERT INTO `sys_role_menu` VALUES (475, 1, 1, NULL, NULL, NULL, NULL);
INSERT INTO `sys_role_menu` VALUES (476, 1, 2, NULL, NULL, NULL, NULL);
INSERT INTO `sys_role_menu` VALUES (477, 1, 4, NULL, NULL, NULL, NULL);
INSERT INTO `sys_role_menu` VALUES (478, 1, 5, NULL, NULL, NULL, NULL);
INSERT INTO `sys_role_menu` VALUES (479, 1, 7, NULL, NULL, NULL, NULL);
INSERT INTO `sys_role_menu` VALUES (480, 1, 43, NULL, NULL, NULL, NULL);
INSERT INTO `sys_role_menu` VALUES (481, 1, 38, NULL, NULL, NULL, NULL);
INSERT INTO `sys_role_menu` VALUES (482, 1, 51, NULL, NULL, NULL, NULL);
INSERT INTO `sys_role_menu` VALUES (483, 3, 1, NULL, NULL, NULL, NULL);
INSERT INTO `sys_role_menu` VALUES (484, 3, 2, NULL, NULL, NULL, NULL);
INSERT INTO `sys_role_menu` VALUES (485, 3, 43, NULL, NULL, NULL, NULL);
INSERT INTO `sys_role_menu` VALUES (486, 3, 38, NULL, NULL, NULL, NULL);
INSERT INTO `sys_role_menu` VALUES (487, 3, 47, NULL, NULL, NULL, NULL);
INSERT INTO `sys_role_menu` VALUES (488, 3, 48, NULL, NULL, NULL, NULL);
INSERT INTO `sys_role_menu` VALUES (489, 3, 49, NULL, NULL, NULL, NULL);
INSERT INTO `sys_role_menu` VALUES (490, 3, 52, NULL, NULL, NULL, NULL);
INSERT INTO `sys_role_menu` VALUES (491, 3, 53, NULL, NULL, NULL, NULL);
INSERT INTO `sys_role_menu` VALUES (492, 10002, 46, NULL, NULL, NULL, NULL);
INSERT INTO `sys_role_menu` VALUES (493, 10002, 67, NULL, NULL, NULL, NULL);
INSERT INTO `sys_role_menu` VALUES (494, 10002, 51, NULL, NULL, NULL, NULL);
INSERT INTO `sys_role_menu` VALUES (495, 10002, 61, NULL, NULL, NULL, NULL);

-- ----------------------------
-- Table structure for sys_role_permission
-- ----------------------------
DROP TABLE IF EXISTS `sys_role_permission`;
CREATE TABLE `sys_role_permission`  (
  `id` int NOT NULL AUTO_INCREMENT COMMENT '主键',
  `role_id` int NOT NULL COMMENT '角色ID',
  `permission_id` int NOT NULL COMMENT '权限ID',
  PRIMARY KEY (`id`) USING BTREE,
  INDEX `role_id`(`role_id`) USING BTREE,
  INDEX `permission_id`(`permission_id`) USING BTREE
) ENGINE = InnoDB AUTO_INCREMENT = 357 CHARACTER SET = utf8 COLLATE = utf8_general_ci COMMENT = '角色权限中间表' ROW_FORMAT = DYNAMIC;

-- ----------------------------
-- Records of sys_role_permission
-- ----------------------------
INSERT INTO `sys_role_permission` VALUES (1, 2, 11);
INSERT INTO `sys_role_permission` VALUES (2, 2, 12);
INSERT INTO `sys_role_permission` VALUES (3, 2, 13);
INSERT INTO `sys_role_permission` VALUES (4, 2, 14);
INSERT INTO `sys_role_permission` VALUES (5, 2, 15);
INSERT INTO `sys_role_permission` VALUES (6, 2, 16);
INSERT INTO `sys_role_permission` VALUES (7, 2, 17);
INSERT INTO `sys_role_permission` VALUES (8, 2, 18);
INSERT INTO `sys_role_permission` VALUES (9, 2, 19);
INSERT INTO `sys_role_permission` VALUES (10, 2, 26);
INSERT INTO `sys_role_permission` VALUES (11, 2, 27);
INSERT INTO `sys_role_permission` VALUES (12, 2, 28);
INSERT INTO `sys_role_permission` VALUES (13, 2, 29);
INSERT INTO `sys_role_permission` VALUES (98, 3, 1);
INSERT INTO `sys_role_permission` VALUES (99, 3, 11);
INSERT INTO `sys_role_permission` VALUES (100, 3, 3);
INSERT INTO `sys_role_permission` VALUES (101, 3, 17);
INSERT INTO `sys_role_permission` VALUES (102, 3, 56);
INSERT INTO `sys_role_permission` VALUES (103, 3, 5);
INSERT INTO `sys_role_permission` VALUES (104, 3, 23);
INSERT INTO `sys_role_permission` VALUES (105, 3, 7);
INSERT INTO `sys_role_permission` VALUES (106, 3, 26);
INSERT INTO `sys_role_permission` VALUES (261, 1, 1);
INSERT INTO `sys_role_permission` VALUES (262, 1, 2);
INSERT INTO `sys_role_permission` VALUES (263, 1, 12);
INSERT INTO `sys_role_permission` VALUES (264, 1, 13);
INSERT INTO `sys_role_permission` VALUES (265, 1, 14);
INSERT INTO `sys_role_permission` VALUES (266, 1, 15);
INSERT INTO `sys_role_permission` VALUES (267, 1, 16);
INSERT INTO `sys_role_permission` VALUES (268, 1, 3);
INSERT INTO `sys_role_permission` VALUES (269, 1, 17);
INSERT INTO `sys_role_permission` VALUES (270, 1, 18);
INSERT INTO `sys_role_permission` VALUES (271, 1, 19);
INSERT INTO `sys_role_permission` VALUES (272, 1, 56);
INSERT INTO `sys_role_permission` VALUES (273, 1, 64);
INSERT INTO `sys_role_permission` VALUES (274, 1, 4);
INSERT INTO `sys_role_permission` VALUES (275, 1, 20);
INSERT INTO `sys_role_permission` VALUES (276, 1, 21);
INSERT INTO `sys_role_permission` VALUES (277, 1, 5);
INSERT INTO `sys_role_permission` VALUES (278, 1, 22);
INSERT INTO `sys_role_permission` VALUES (279, 1, 23);
INSERT INTO `sys_role_permission` VALUES (280, 1, 24);
INSERT INTO `sys_role_permission` VALUES (281, 1, 43);
INSERT INTO `sys_role_permission` VALUES (282, 1, 58);
INSERT INTO `sys_role_permission` VALUES (283, 1, 7);
INSERT INTO `sys_role_permission` VALUES (284, 1, 26);
INSERT INTO `sys_role_permission` VALUES (285, 1, 27);
INSERT INTO `sys_role_permission` VALUES (286, 1, 28);
INSERT INTO `sys_role_permission` VALUES (287, 1, 29);
INSERT INTO `sys_role_permission` VALUES (288, 1, 8);
INSERT INTO `sys_role_permission` VALUES (289, 1, 30);
INSERT INTO `sys_role_permission` VALUES (290, 1, 31);
INSERT INTO `sys_role_permission` VALUES (291, 1, 32);
INSERT INTO `sys_role_permission` VALUES (292, 1, 44);
INSERT INTO `sys_role_permission` VALUES (293, 1, 9);
INSERT INTO `sys_role_permission` VALUES (294, 1, 38);
INSERT INTO `sys_role_permission` VALUES (295, 1, 33);
INSERT INTO `sys_role_permission` VALUES (296, 1, 35);
INSERT INTO `sys_role_permission` VALUES (297, 1, 36);
INSERT INTO `sys_role_permission` VALUES (298, 1, 37);
INSERT INTO `sys_role_permission` VALUES (299, 1, 59);
INSERT INTO `sys_role_permission` VALUES (300, 1, 34);
INSERT INTO `sys_role_permission` VALUES (301, 1, 42);
INSERT INTO `sys_role_permission` VALUES (302, 1, 50);
INSERT INTO `sys_role_permission` VALUES (303, 1, 51);
INSERT INTO `sys_role_permission` VALUES (304, 1, 52);
INSERT INTO `sys_role_permission` VALUES (305, 1, 53);
INSERT INTO `sys_role_permission` VALUES (306, 1, 54);
INSERT INTO `sys_role_permission` VALUES (307, 1, 67);
INSERT INTO `sys_role_permission` VALUES (308, 1, 60);
INSERT INTO `sys_role_permission` VALUES (309, 1, 61);
INSERT INTO `sys_role_permission` VALUES (310, 1, 62);
INSERT INTO `sys_role_permission` VALUES (311, 1, 63);
INSERT INTO `sys_role_permission` VALUES (312, 1, 68);
INSERT INTO `sys_role_permission` VALUES (313, 1, 65);
INSERT INTO `sys_role_permission` VALUES (314, 1, 66);
INSERT INTO `sys_role_permission` VALUES (315, 1, 69);
INSERT INTO `sys_role_permission` VALUES (316, 1, 57);
INSERT INTO `sys_role_permission` VALUES (317, 1, 70);
INSERT INTO `sys_role_permission` VALUES (318, 1, 71);
INSERT INTO `sys_role_permission` VALUES (319, 1, 72);
INSERT INTO `sys_role_permission` VALUES (320, 1, 74);
INSERT INTO `sys_role_permission` VALUES (321, 1, 73);
INSERT INTO `sys_role_permission` VALUES (322, 1, 75);
INSERT INTO `sys_role_permission` VALUES (323, 1, 76);
INSERT INTO `sys_role_permission` VALUES (324, 1, 77);
INSERT INTO `sys_role_permission` VALUES (325, 1, 78);
INSERT INTO `sys_role_permission` VALUES (326, 1, 79);
INSERT INTO `sys_role_permission` VALUES (327, 1, 81);
INSERT INTO `sys_role_permission` VALUES (328, 1, 82);
INSERT INTO `sys_role_permission` VALUES (329, 1, 83);
INSERT INTO `sys_role_permission` VALUES (330, 1, 84);
INSERT INTO `sys_role_permission` VALUES (331, 1, 85);
INSERT INTO `sys_role_permission` VALUES (332, 1, 86);
INSERT INTO `sys_role_permission` VALUES (333, 1, 87);
INSERT INTO `sys_role_permission` VALUES (334, 1, 88);
INSERT INTO `sys_role_permission` VALUES (335, 1, 89);
INSERT INTO `sys_role_permission` VALUES (336, 1, 90);
INSERT INTO `sys_role_permission` VALUES (337, 1, 91);
INSERT INTO `sys_role_permission` VALUES (338, 1, 92);
INSERT INTO `sys_role_permission` VALUES (339, 1, 93);
INSERT INTO `sys_role_permission` VALUES (340, 1, 94);
INSERT INTO `sys_role_permission` VALUES (341, 1, 95);
INSERT INTO `sys_role_permission` VALUES (342, 1, 96);
INSERT INTO `sys_role_permission` VALUES (343, 1, 97);
INSERT INTO `sys_role_permission` VALUES (344, 1, 98);
INSERT INTO `sys_role_permission` VALUES (350, 10002, 1);
INSERT INTO `sys_role_permission` VALUES (351, 10002, 2);
INSERT INTO `sys_role_permission` VALUES (352, 10002, 12);
INSERT INTO `sys_role_permission` VALUES (353, 10002, 13);
INSERT INTO `sys_role_permission` VALUES (354, 10002, 14);
INSERT INTO `sys_role_permission` VALUES (355, 10002, 15);
INSERT INTO `sys_role_permission` VALUES (356, 10002, 16);

-- ----------------------------
-- Table structure for sys_sensitive
-- ----------------------------
DROP TABLE IF EXISTS `sys_sensitive`;
CREATE TABLE `sys_sensitive`  (
  `id` int NOT NULL,
  `text` varchar(255) CHARACTER SET utf8mb4 COLLATE utf8mb4_0900_ai_ci NULL DEFAULT NULL COMMENT '敏感词',
  PRIMARY KEY (`id`) USING BTREE
) ENGINE = InnoDB CHARACTER SET = utf8mb4 COLLATE = utf8mb4_0900_ai_ci ROW_FORMAT = DYNAMIC;

-- ----------------------------
-- Records of sys_sensitive
-- ----------------------------
INSERT INTO `sys_sensitive` VALUES (1, '赌博');
INSERT INTO `sys_sensitive` VALUES (2, '嫖娼');
INSERT INTO `sys_sensitive` VALUES (3, '吸毒');
INSERT INTO `sys_sensitive` VALUES (4, '开票');

-- ----------------------------
-- Table structure for sys_star
-- ----------------------------
DROP TABLE IF EXISTS `sys_star`;
CREATE TABLE `sys_star`  (
  `id` int NOT NULL AUTO_INCREMENT,
  `obj_id` varchar(255) CHARACTER SET utf8mb4 COLLATE utf8mb4_0900_ai_ci NULL DEFAULT NULL,
  `create_time` datetime NULL DEFAULT NULL,
  `modify_time` datetime NULL DEFAULT NULL,
  `user_id` varchar(255) CHARACTER SET utf8mb4 COLLATE utf8mb4_0900_ai_ci NULL DEFAULT NULL,
  `type` varchar(255) CHARACTER SET utf8mb4 COLLATE utf8mb4_0900_ai_ci NULL DEFAULT NULL,
  `star_status` int NOT NULL DEFAULT 0,
  PRIMARY KEY (`id`) USING BTREE
) ENGINE = InnoDB AUTO_INCREMENT = 36 CHARACTER SET = utf8mb4 COLLATE = utf8mb4_0900_ai_ci ROW_FORMAT = DYNAMIC;

-- ----------------------------
-- Records of sys_star
-- ----------------------------
INSERT INTO `sys_star` VALUES (1, '1376153416906366978', NULL, NULL, '1376544180907843585', 'blog', 0);
INSERT INTO `sys_star` VALUES (2, '1376153416906366978', NULL, '2021-03-30 16:32:42', '1376152073940574209', 'blog', 0);
INSERT INTO `sys_star` VALUES (3, '1376153416906366978', '2021-03-30 16:33:02', '2021-03-30 16:33:10', '1376153606346301441', 'blog', 1);
INSERT INTO `sys_star` VALUES (4, '1376153416906366978', '2021-03-30 21:15:26', '2021-03-30 21:15:26', '1376879745641500674', 'blog', 0);
INSERT INTO `sys_star` VALUES (5, '1381144351738224641', '2021-04-11 15:17:47', '2021-04-11 15:17:47', '1349290158897311745', 'blog', 0);
INSERT INTO `sys_star` VALUES (6, '1381149498900013057', '2021-04-11 15:38:10', '2021-04-11 15:46:49', '1349290158897311745', 'blog', 1);
INSERT INTO `sys_star` VALUES (7, '1381155049637732354', '2021-04-11 16:00:25', '2021-04-11 16:00:25', '1349290158897311745', 'blog', 0);
INSERT INTO `sys_star` VALUES (8, '1386922974607040513', '2021-04-27 16:25:07', '2021-04-27 16:38:50', '1349290158897311745', 'blog', 0);
INSERT INTO `sys_star` VALUES (9, '1386975229607546881', '2021-04-27 17:27:31', '2021-04-27 17:27:31', '1349290158897311745', 'blog', 0);
INSERT INTO `sys_star` VALUES (10, '1386977018327322626', '2021-04-27 17:35:03', '2021-04-27 17:35:03', '1376875674339721218', 'blog', 0);
INSERT INTO `sys_star` VALUES (11, '1386977597078360065', '2021-04-27 17:37:57', '2021-04-27 17:37:57', '1376153606346301441', 'blog', 0);
INSERT INTO `sys_star` VALUES (12, '1349631541260595202', '2021-04-27 17:38:38', '2021-04-27 17:38:38', '1376153606346301441', 'blog', 0);
INSERT INTO `sys_star` VALUES (13, '1386978221413093378', '2021-04-27 17:39:14', '2021-04-27 17:39:14', '1376153606346301441', 'blog', 0);
INSERT INTO `sys_star` VALUES (14, '1387021140945784834', '2021-04-27 20:29:48', '2021-04-27 20:29:48', '1376153606346301441', 'blog', 0);
INSERT INTO `sys_star` VALUES (15, '1386969440402714625', '2021-04-27 20:30:00', '2021-04-27 20:30:00', '1376153606346301441', 'blog', 0);
INSERT INTO `sys_star` VALUES (16, '1386977018327322626', '2021-04-27 20:30:29', '2021-04-27 20:30:29', '1349290158897311745', 'blog', 0);
INSERT INTO `sys_star` VALUES (17, '1387021140945784834', '2021-04-27 20:59:06', '2021-04-27 20:59:06', '1376875674339721218', 'blog', 0);
INSERT INTO `sys_star` VALUES (18, '1387217248917528578', '2021-04-28 14:21:31', '2021-04-28 14:21:31', '1349290158897311745', 'blog', 0);
INSERT INTO `sys_star` VALUES (19, '1386978934839037954', '2021-04-28 14:29:47', '2021-04-28 14:29:47', '1376875674339721218', 'blog', 0);
INSERT INTO `sys_star` VALUES (20, '1386978221413093378', '2021-04-28 14:30:09', '2021-04-28 14:30:09', '1376875674339721218', 'blog', 0);
INSERT INTO `sys_star` VALUES (21, '1390278661395345410', '2021-05-08 18:50:09', '2021-05-08 18:51:11', '1349290158897311745', 'blog', 0);
INSERT INTO `sys_star` VALUES (22, '1391637191973138433', '2021-05-10 20:14:20', '2021-05-10 20:14:20', '1349290158897311745', 'blog', 0);
INSERT INTO `sys_star` VALUES (23, '1387997613756219393', '2021-05-12 10:50:09', '2021-05-12 10:50:09', '1349290158897311745', 'blog', 0);
INSERT INTO `sys_star` VALUES (24, '1391637191973138433', '2021-05-12 11:03:12', '2021-05-12 11:03:12', '1376152073940574209', 'blog', 0);
INSERT INTO `sys_star` VALUES (25, '1376153416906366978', '2021-05-12 11:03:37', '2021-05-12 11:03:37', '1349290158897311745', 'blog', 0);
INSERT INTO `sys_star` VALUES (26, '1392446858211041281', '2021-05-13 15:56:00', '2021-05-13 15:56:00', '1376875674339721218', 'blog', 0);
INSERT INTO `sys_star` VALUES (27, '1392446858211041281', '2021-05-16 18:40:19', '2021-05-16 18:40:19', '1349290158897311745', 'blog', 0);
INSERT INTO `sys_star` VALUES (28, '1393899821496524801', '2021-05-21 09:47:19', '2021-05-21 09:47:20', '1349290158897311745', 'blog', 1);
INSERT INTO `sys_star` VALUES (29, '1397156524388122626', '2021-05-25 20:18:34', '2021-05-25 20:18:48', '1397163373959307265', 'blog', 0);
INSERT INTO `sys_star` VALUES (30, '1397170829477273601', '2021-05-26 09:07:43', '2021-05-26 09:07:43', '1397163373959307265', 'blog', 0);
INSERT INTO `sys_star` VALUES (31, '1349362401438392322', '2021-05-26 11:10:27', '2021-05-26 11:10:27', '1349290158897311745', 'blog', 0);
INSERT INTO `sys_star` VALUES (32, '1393882416485490690', '2021-05-26 11:10:49', '2021-05-26 11:10:49', '1349290158897311745', 'blog', 0);
INSERT INTO `sys_star` VALUES (33, '1397906638064656385', '2021-05-27 21:25:11', '2021-05-27 21:25:13', '1397906311634558978', 'blog', 1);
INSERT INTO `sys_star` VALUES (34, '1399175340319907841', '2021-05-31 09:42:41', '2021-05-31 09:42:41', '1349290158897311745', 'blog', 0);
INSERT INTO `sys_star` VALUES (35, '1400777683301900289', '2021-06-04 19:34:12', '2021-06-04 19:34:12', '1400776833187782657', 'blog', 0);

-- ----------------------------
-- Table structure for sys_user
-- ----------------------------
DROP TABLE IF EXISTS `sys_user`;
CREATE TABLE `sys_user`  (
  `id` varchar(20) CHARACTER SET utf8 COLLATE utf8_general_ci NOT NULL COMMENT '用户ID',
  `username` varchar(15) CHARACTER SET utf8 COLLATE utf8_general_ci NOT NULL DEFAULT '' COMMENT '用户名',
  `alias` varchar(255) CHARACTER SET utf8 COLLATE utf8_general_ci NULL DEFAULT NULL COMMENT '用户昵称',
  `password` varchar(100) CHARACTER SET utf8 COLLATE utf8_general_ci NULL DEFAULT '' COMMENT '密码',
  `avatar` varchar(1000) CHARACTER SET utf8 COLLATE utf8_general_ci NULL DEFAULT NULL COMMENT '头像',
  `email` varchar(255) CHARACTER SET utf8 COLLATE utf8_general_ci NULL DEFAULT NULL COMMENT '邮箱',
  `mobile` varchar(255) CHARACTER SET utf8 COLLATE utf8_general_ci NULL DEFAULT NULL COMMENT '手机',
  `score` int NOT NULL DEFAULT 0 COMMENT '积分',
  `token` varchar(255) CHARACTER SET utf8 COLLATE utf8_general_ci NULL DEFAULT '' COMMENT 'token',
  `bio` varchar(255) CHARACTER SET utf8 COLLATE utf8_general_ci NULL DEFAULT NULL COMMENT '个人简介',
  `active` bit(1) NOT NULL DEFAULT b'0' COMMENT '是否激活，1：是，0：否',
  `status` bit(1) NULL DEFAULT b'1' COMMENT '状态，1：使用，0：停用',
  `role_id` int NULL DEFAULT NULL COMMENT '用户角色',
  `create_time` datetime NOT NULL COMMENT '加入时间',
  `modify_time` datetime NULL DEFAULT NULL COMMENT '修改时间',
  PRIMARY KEY (`id`) USING BTREE,
  UNIQUE INDEX `user_name`(`username`) USING BTREE,
  INDEX `user_email`(`email`) USING BTREE,
  INDEX `user_create_time`(`create_time`) USING BTREE
) ENGINE = InnoDB CHARACTER SET = utf8 COLLATE = utf8_general_ci COMMENT = '用户表' ROW_FORMAT = DYNAMIC;

-- ----------------------------
-- Records of sys_user
-- ----------------------------
INSERT INTO `sys_user` VALUES ('1349290158897311745', 'admin', 'admin', '$2a$10$8qx711TBg/2hxfL7N.sxf.0ROMhR/iuPhQx33IFqGd7PLgt5nGJTO', '/image/avatar/2021-04-30/1.jpg', '23456@qq.com', '1516502', 25, '', '自由职业者', b'1', b'1', 1, '2021-01-13 17:40:17', NULL);
INSERT INTO `sys_user` VALUES ('1349618748226658305', 'zhangsan', 'zhangsan', '$2a$10$7K3yYv8sMV5Xsc2facXTcuyDo8JQ4FJHvjZ7qtWYcJdei3Q6Fvqdm', '/image/avatar/2021-04-30/gravatar_banner_zpscef6bdf6.png', '23456@qq.com', '1614815', 0, '', '自由职业者', b'1', b'1', 2, '2021-01-14 15:25:59', NULL);
INSERT INTO `sys_user` VALUES ('1376152073940574209', 'yufangqing', 'yufangqing', '$2a$10$8qx711TBg/2hxfL7N.sxf.0ROMhR/iuPhQx33IFqGd7PLgt5nGJTO', '/image/avatar/2021-04-30/gravatar_banner_zpscef6bdf6.png', '1517762555@qq.com', '18', 1, '', '自由职业者', b'1', b'1', 2, '2021-03-28 20:39:57', NULL);
INSERT INTO `sys_user` VALUES ('1376153606346301441', 'yufang', 'yufang', '$2a$10$8qx711TBg/2hxfL7N.sxf.0ROMhR/iuPhQx33IFqGd7PLgt5nGJTO', '/image/avatar/2021-04-30/gravatar_banner_zpscef6bdf6.png', '151d45saf45sa@qq.com', 's634525', 3, '', '自由职业者', b'1', b'1', 2, '2021-03-28 20:46:02', NULL);
INSERT INTO `sys_user` VALUES ('1376544180907843585', 'yufangqin', 'yufangqin', '$2a$10$8qx711TBg/2hxfL7N.sxf.0ROMhR/iuPhQx33IFqGd7PLgt5nGJTO', '/image/avatar/2021-04-30/gravatar_banner_zpscef6bdf6.png', '151fad@qq.com', '2625', 0, '', '自由职业者', b'1', b'1', 3, '2021-03-29 22:38:02', NULL);
INSERT INTO `sys_user` VALUES ('1376875674339721218', 'yufang01', 'yufang01', '$2a$10$8qx711TBg/2hxfL7N.sxf.0ROMhR/iuPhQx33IFqGd7PLgt5nGJTO', '/image/avatar/2021-05-07/17204227-俞方清-竞赛.png', 'gfafasda@fasf.sf', '6253665345', 8, '', '自由职业', b'1', b'1', 10002, '2021-03-30 20:35:17', '2021-04-10 23:07:05');
INSERT INTO `sys_user` VALUES ('1380897684120219650', 'yuf', 'yuf', '$2a$10$rLj6ohxv1AvtoiuxNbduU.J6KaGV.t9XE92E0CsKYX454wvB2VIrq', '/image/avatar/2021-04-30/gravatar_banner_zpscef6bdf6.png', 'test@qq.com', '3232432', 0, '', '自由职业者', b'1', b'1', 2, '2021-04-10 22:57:18', '2021-04-10 23:16:27');
INSERT INTO `sys_user` VALUES ('1380902443216551937', 'yufq', 'yufq', '$2a$10$8qx711TBg/2hxfL7N.sxf.0ROMhR/iuPhQx33IFqGd7PLgt5nGJTO', '/image/avatar/2021-04-30/gravatar_banner_zpscef6bdf6.png', 'test@qq.com', '13889700023', 0, '', '学生', b'1', b'1', 3, '2021-04-10 23:16:13', NULL);
INSERT INTO `sys_user` VALUES ('1381150125138960385', 'yufangqo', 'yufangqo', '$2a$10$qfRZ95GlL73A13J7kHFsZuuDXhJw6366OWnBu6muhP.tdank4ApNe', '/image/avatar/2021-04-30/gravatar_banner_zpscef6bdf6.png', 'test@qq.com', '13889700023', 0, '', '学生', b'1', b'1', 2, '2021-04-11 15:40:25', NULL);
INSERT INTO `sys_user` VALUES ('1381155797993840642', 'yufangqing00122', 'yufangqing00122', '$2a$10$jyUO0oBUIUBVax40B7tLhOfMIrFxja31VNAYF6DPNjOiSqrfviD/O', '/image/avatar/2021-04-30/gravatar_banner_zpscef6bdf6.png', 'test@qq.com', '13889700023', 0, '', '学生', b'1', b'1', 2, '2021-04-11 16:02:58', NULL);
INSERT INTO `sys_user` VALUES ('1397163373959307265', 'cuicui', 'cuicui', '$2a$10$wcj6PrjzXlnn3PYzrZkxS.rW28cthYiwZ3lYTyRY/7.rI.Zo14d9e', '/image/avatar/2021-05-25/favicon.png', '151755141@qq.com', NULL, 2, '', '自由职业者', b'1', b'1', NULL, '2021-05-25 20:11:21', NULL);
INSERT INTO `sys_user` VALUES ('1397395769556086786', 'test', 'test', '$2a$10$vS3ki6W6H4MnFzgApY34U.dSsVecKS/Hy4mwEqCuoDVmsVDojMdzm', 'https://s3.ax1x.com/2020/12/01/DfHNo4.jpg', '151777@aa.vom', NULL, 0, '', '自由职业者', b'1', b'1', NULL, '2021-05-26 11:34:48', NULL);
INSERT INTO `sys_user` VALUES ('1397458677065469954', 'zhj', 'zhj', '$2a$10$9AcwjwRNp2B8.CU6UtOahOI6HgEI9/71J960DSUIO3/vfEs2tKJzC', '/image/avatar/2021-05-26/favicon.png', '151#asdsafa@qq.com', NULL, 1, '', '自由职业者', b'1', b'1', NULL, '2021-05-26 15:44:47', NULL);
INSERT INTO `sys_user` VALUES ('1397906311634558978', 'kaikai', 'kaikai', '$2a$10$pHgPxWUHOETrvLcEOR/BSu22o8sFwvHaxrtQ999JTaA0ug4hqO21O', '/image/avatar/2021-04-30/1.jpg', '1321027431@qq.com', NULL, 1, '', '咸鱼', b'1', b'1', NULL, '2021-05-27 21:23:31', NULL);
INSERT INTO `sys_user` VALUES ('1399174001057669121', 'Pqpq', 'Pqpq', '$2a$10$1z8Wvvvjxe.R3yyxPnj3veqazDMfHwsgkNaK1HQTs2ZS1imZANFKa', '/image/avatar/2021-04-30/1.jpg', '1226619556@QQ.com', NULL, 1, '', '自由职业者', b'1', b'1', NULL, '2021-05-31 09:20:52', NULL);
INSERT INTO `sys_user` VALUES ('1400776833187782657', '17204217', '17204217', '$2a$10$l4qsxEZ66ab54uUoWs0dMO4GfzemtI9dwENEH3QXMdcA1fp3XmHIW', '/image/avatar/2021-04-30/gravatar_banner_zpscef6bdf6.png', '849993461@qq.com', NULL, 3, '', '学生', b'1', b'1', NULL, '2021-06-04 19:29:57', NULL);

SET FOREIGN_KEY_CHECKS = 1;
